Temperature,Humidity,Occupancy,AC_Hours,Appliance_Hours,Day_Type,Electricity_Consumption
26.24,70.45,1,2.31,7.71,Weekday,90.2
43.52,79.75,1,11.12,19.05,Weekday,199.66
36.96,38.79,3,2.27,11.99,Weekend,157.12
32.96,66.87,5,10.24,7.95,Weekend,181.57
19.68,62.88,5,0.87,19.04,Weekday,136.83
19.68,82.46,3,6.52,7.25,Weekday,137.4
16.74,87.96,4,2.84,2.8,Weekend,117.42
40.99,20.91,1,1.75,19.94,Weekday,129.33
33.03,70.55,1,9.07,6.09,Weekday,141.98
36.24,23.89,3,14.85,17.17,Weekday,212.28
15.62,61.16,3,0.88,4.15,Weekday,83.74
44.1,41.57,4,6.74,14.9,Weekday,198.42
39.97,43.01,6,11.32,10.96,Weekend,224.82
21.37,46.47,5,7.4,19.64,Weekday,161.5
20.45,66.6,2,12.9,11.5,Weekday,153.81
20.5,45.05,6,2.87,1.48,Weekend,124.86
24.13,74.95,7,15.35,12.47,Weekday,206.15
30.74,50.34,5,6.16,3.76,Weekday,144.66
27.96,25.13,1,5.47,16.17,Weekday,130.4
23.74,78.78,7,13.99,17.27,Weekday,218.36
33.36,41.43,6,9.02,10.16,Weekday,188.12
19.18,52.46,3,8.26,15.88,Weekday,141.59
23.76,71.41,4,11.63,3.76,Weekday,151.92
25.99,44.93,5,9.28,10.35,Weekday,170.73
28.68,24.24,4,2.6,8.48,Weekday,132.21
38.56,48.04,7,10.79,12.62,Weekend,215.42
20.99,90.83,5,2.14,1.85,Weekday,109.01
30.43,68.13,6,12.89,15.29,Weekday,214.57
32.77,70.36,1,15.84,2.5,Weekend,173.6
16.39,67.42,2,6.04,13.47,Weekday,116.78
33.23,34.92,4,7.12,1.35,Weekday,150.56
20.12,51.38,4,0.74,16.81,Weekday,122.76
16.95,76.32,2,0.22,4.32,Weekend,79.07
43.47,27.6,4,14.74,10.79,Weekday,224.06
43.97,40.84,4,2.06,5.97,Weekday,155.92
39.25,40.72,5,7.13,14.73,Weekday,181.55
24.14,52.4,5,13.05,7.11,Weekday,182.04
17.93,93.53,2,14.23,14.77,Weekend,172.61
35.53,25.06,7,8.31,6.41,Weekday,185.11
28.2,58.9,1,9.04,15.3,Weekday,164.99
18.66,33.45,6,10.71,1.58,Weekend,138.65
29.86,92.8,6,15.38,6.38,Weekday,208.54
16.03,28.5,7,9.64,10.47,Weekday,155.71
42.28,50.27,4,8.95,1.86,Weekday,169.67
22.76,75.34,1,0.23,4.53,Weekend,91.39
34.88,72.84,2,1.3,18.76,Weekend,152.01
24.35,51.7,7,9.23,19.56,Weekend,191.48
30.6,45.99,2,14.98,15.06,Weekday,175.56
31.4,49.82,5,13.87,5.79,Weekday,179.54
20.55,39.82,4,15.72,5.95,Weekday,169.24
44.09,35.4,3,8.45,13.27,Weekend,175.01
38.25,56.23,2,12.61,3.23,Weekday,158.26
43.18,40.14,7,13.45,19.02,Weekday,239.05
41.84,41.56,4,10.37,5.27,Weekend,185.77
32.94,69.26,1,5.42,19.99,Weekday,165.49
42.66,92.64,7,7.52,10.42,Weekday,218.57
17.65,65.27,5,13.73,15.66,Weekend,208.52
20.88,25.77,6,4.78,1.04,Weekday,118.33
16.36,25.67,1,14.78,17.89,Weekday,150.25
24.76,91.36,2,3.68,6.13,Weekday,111.73
26.66,42.3,2,11.99,13.69,Weekday,162.39
23.14,26.91,1,10.09,16.32,Weekday,132.42
39.86,64.93,2,11.99,4.12,Weekday,162.43
25.7,66.77,7,7,9.41,Weekday,166.42
23.43,68.64,4,14.92,10.38,Weekend,187.96
31.28,40.06,2,10.12,6.93,Weekday,141.11
19.23,21.13,5,4.61,10.15,Weekday,145.28
39.07,92.38,4,10.22,7.03,Weekday,193.15
17.24,38.82,7,4.59,7.85,Weekend,143.14
44.61,70.7,3,4.7,13.72,Weekday,172.41
38.17,73,2,6.39,13.02,Weekend,193.54
20.96,65.75,2,13.64,5.41,Weekend,144.35
15.17,43.47,5,8,18.05,Weekend,157.29
39.46,40.33,7,10.86,17.39,Weekend,239.27
36.21,64.83,5,6.27,10.67,Weekday,177.94
36.87,84.96,6,4.22,9.23,Weekend,173.96
38.14,91.01,7,15.27,8.16,Weekend,243.86
17.22,27.94,1,9.66,14.44,Weekend,133.04
25.75,31.61,1,14.94,13.76,Weekday,165.46
18.48,90.86,1,3.25,4.73,Weekday,98.85
40.89,75.24,5,2.35,13.76,Weekday,194.51
33.7,86.22,1,13.69,5.8,Weekday,171.07
24.93,35.2,7,10.89,1.35,Weekend,174.79
16.91,64.07,1,2.99,14.28,Weekend,88.12
24.33,72.59,3,4.31,13.25,Weekday,153.04
24.76,71.01,1,12.81,8.81,Weekend,156.4
36.89,50.61,2,7.26,10.99,Weekday,147.49
34.13,21.15,6,10.73,19,Weekday,204.28
41.62,63.72,5,5.09,12.31,Weekday,189.33
29.17,38.98,4,6.1,13.5,Weekday,161.62
18.59,53.77,6,15.85,2.21,Weekend,178.03
36.4,91.82,3,3.96,4.15,Weekday,148.84
37.82,49.93,5,8.1,6.72,Weekday,172.2
31.84,82.99,7,13.51,11.25,Weekday,227.68
38.13,34.14,5,3.83,15.76,Weekday,172.41
29.81,70.43,2,6.64,7.1,Weekend,143.73
30.68,93.28,7,9.84,7.77,Weekday,198.11
27.83,27.64,6,7.7,5.87,Weekday,157.16
15.76,20.62,6,7.35,5.84,Weekend,126.87
18.24,52.52,1,5.8,19.03,Weekday,126.1
15.94,26.95,7,9.39,13.07,Weekend,163.71
34.09,76.13,2,9.99,3.96,Weekday,145.93
24.43,88.59,1,10.45,14.72,Weekday,152.33
30.26,52.55,1,1.13,14.72,Weekend,119.01
42.23,39.4,5,10.1,13.66,Weekend,204.09
22.48,52.58,6,15.25,3.56,Weekday,183.87
27.31,74.26,1,8.66,8.75,Weekday,138.28
37.67,20.68,3,11.44,3.03,Weekend,169.28
21.86,64.21,3,8.91,16.52,Weekday,158.36
17.31,66,6,13.68,13.45,Weekday,191.53
23.69,67.83,3,14.87,10.64,Weekday,192.25
19.84,38.15,5,2.95,7.52,Weekday,113.44
42.89,73.55,2,6.99,4.5,Weekday,154.34
39.24,26.85,4,6.28,3.02,Weekend,160.22
34,34.95,1,6.48,19.42,Weekday,143.92
41.14,85.81,4,2.01,4.79,Weekend,166.91
39.11,75.4,2,13.02,2.14,Weekday,170.41
20.6,21.03,2,0.57,19.27,Weekday,97.69
41.78,38.63,5,8.45,11.43,Weekday,197.21
31.18,36.08,3,10.59,16.14,Weekday,172.1
39.22,40.31,3,3.32,1.83,Weekday,140.26
41.88,38.57,2,14.49,11.77,Weekday,194.73
24.54,24.69,5,13.42,8.57,Weekend,176.39
18.3,54.42,5,7.54,15.67,Weekday,152.97
21.84,74.96,6,6.58,1.73,Weekday,142.03
27.81,65.5,7,3.79,8.63,Weekend,164.56
39.54,70.47,1,11.68,16.18,Weekend,204.12
40.82,26.09,7,2.11,10.93,Weekday,173.16
15.21,91.36,3,10.88,11.45,Weekday,158.6
30.32,82.89,2,13.48,2.85,Weekend,168.15
27.52,80.38,6,3.66,3.51,Weekend,147.55
21.66,81.72,4,13.86,13.86,Weekday,191.36
18.6,89.95,3,0.53,13.83,Weekday,130
25.13,60.82,1,14.6,19.6,Weekend,176.94
43.29,35.02,5,1.89,14.53,Weekend,177.26
24.7,66.26,2,10.33,10.37,Weekend,166.62
30.56,75.72,3,4,17.29,Weekday,151.25
36.09,75.34,4,13.38,2.98,Weekday,193.74
25.91,59.11,1,8.2,9.54,Weekday,137.62
44.15,25.13,1,2.16,6.46,Weekday,108.6
43.87,47.83,6,9.14,2.99,Weekday,197.89
22.55,89.06,3,6.53,15.51,Weekday,150.04
29.92,63.83,4,10.58,10.71,Weekday,179.05
24.03,60.37,1,14.11,11.58,Weekday,166.52
23.55,40.16,2,6.55,8.81,Weekend,133.9
16.11,47.63,1,4.64,9.75,Weekend,86.31
33.29,87.15,4,0.23,3.2,Weekend,145.47
30.08,69.98,5,9.2,13.79,Weekend,203.2
16.54,79.05,5,6.44,9.22,Weekday,151.15
23.36,54.08,6,5.99,16.52,Weekday,172.48
42.25,67.27,3,2.93,4.73,Weekday,140.32
22.19,38.63,4,6.88,4.9,Weekday,116.59
19.35,72.91,6,15.75,13.27,Weekend,196.78
29.68,52.07,7,4.76,17.07,Weekday,189.21
44.57,53.19,1,9.6,9.97,Weekday,177.71
22.26,68.7,7,12.42,14.81,Weekday,204.5
35.16,90.22,1,11.99,19.99,Weekday,192.59
37.85,24.8,5,5.26,19.82,Weekday,183.39
22.13,81.86,6,9.77,15.14,Weekday,184.56
36.85,41.93,5,13.94,15.05,Weekday,214.92
26.03,53.29,2,0.25,5.7,Weekday,86.93
33.97,21.64,7,6.97,16.84,Weekend,201.95
34.01,42.58,7,3.59,8.7,Weekday,175.22
31.07,57.7,5,6.22,19.28,Weekday,187.7
17.71,24.21,2,6.66,2.55,Weekday,90.05
40.06,56.83,1,11.95,9.28,Weekday,179.25
24.62,89.53,6,1.5,11.56,Weekday,151.52
20.6,27.9,2,8.2,8.7,Weekday,125.14
16.22,77.33,6,9.03,5,Weekend,151.94
32.73,50.73,7,7.91,12.27,Weekend,193.64
35.33,69.14,6,11.71,15.36,Weekday,210.91
15.5,39.52,7,6.14,13.25,Weekday,148.81
30.36,31.96,2,15.12,5.45,Weekday,168.13
21.79,32.03,7,7.71,14.9,Weekday,165.34
34.36,25.29,3,9.14,5.88,Weekday,129.05
20.23,33.92,7,13.21,4.33,Weekday,168.24
35.73,69.82,5,4.4,14.12,Weekday,166.75
26.6,86.13,2,1.2,17.01,Weekend,133.53
43.1,81.06,1,11.32,10.15,Weekend,205.04
19.13,71.39,6,7.73,11.1,Weekend,160.92
25.23,28.28,4,14.34,6.75,Weekday,170.37
18.4,41.69,2,15.72,10.4,Weekday,154.62
42.74,43.24,5,6.39,3.51,Weekday,169.34
41.32,38.75,7,6.65,19.16,Weekday,209.99
22.74,58.63,6,6.53,16.21,Weekday,180.84
34.8,60.17,3,5.19,13.69,Weekday,161.59
39.52,46.77,1,12.51,11.23,Weekday,177.78
31.66,46.53,3,12.14,16.05,Weekend,190.69
30.89,82.14,4,7.66,10.4,Weekend,184.63
22.26,79.2,2,0.71,6.7,Weekday,102.25
17.79,43.08,6,4.95,4.05,Weekday,127.11
41.92,88.53,2,4.68,13.3,Weekday,173.55
42.01,91.46,5,12.98,18.66,Weekday,228.43
33.99,44.51,2,1.4,3.92,Weekday,106.97
25.17,46.58,1,12.89,4.42,Weekend,139.5
25.48,57.92,4,10.71,9.24,Weekday,173.09
36.78,90.58,3,11.72,16.33,Weekday,200.43
41.91,85.72,4,6.92,6.58,Weekday,180.38
41.61,27.69,6,10.88,5.82,Weekday,208.35
38.4,49.45,2,9.74,12.78,Weekday,171.71
34.26,61.5,6,12.3,11.18,Weekend,202.43
17.52,57.73,3,7.15,2.14,Weekday,127.14
19.85,34.54,6,7.57,2.55,Weekday,128.02
41.96,84.41,5,10.3,13.22,Weekend,212.94
33.19,70.77,4,1.73,9.84,Weekday,134.4
15.28,82.84,3,6.98,19.45,Weekday,156.37
18.04,84.41,3,15.55,13.89,Weekday,192.73
34.91,76.13,7,0.6,1.19,Weekend,166.08
15.15,52.94,3,5.06,10.14,Weekday,112.34
19.82,65.79,7,5.03,8.87,Weekday,145.67
31.46,32.03,1,10.14,3.03,Weekend,126.95
35.76,70.52,7,1.69,18.54,Weekend,195.2
34.56,33.44,4,10.06,16.3,Weekday,185.17
21.73,72.05,6,1.52,5.37,Weekend,142.85
36.37,37.22,7,1.52,5.86,Weekday,141.82
22.12,28.82,3,11.65,1.61,Weekday,119.5
24.76,32.4,4,5.19,6.64,Weekday,121.75
37.39,20.15,7,15.64,12.11,Weekday,229.32
34.49,73.91,7,0.6,9,Weekday,159.19
40.48,74.93,3,7.12,19.42,Weekend,194.91
34.73,58.62,5,1.81,2.07,Weekday,142.18
32.05,32.1,5,5.62,12.24,Weekday,163.32
17.81,26.27,7,15.97,17.31,Weekday,198.01
26.03,21.43,5,14.22,10.13,Weekend,180.5
22.96,32.43,2,0.77,1.06,Weekend,81.99
22.32,86.81,3,9.01,5.61,Weekday,133.04
44.19,38.12,2,10.37,7.15,Weekend,178.44
26.79,46.57,4,3.35,19.35,Weekday,149.11
41.76,27.9,2,2.32,18.32,Weekday,153.2
33.93,36.68,4,14.47,19.03,Weekend,217.03
38.84,58.94,7,15.5,16.69,Weekday,241.14
30.08,65.58,4,15.87,7.68,Weekend,194.04
32.31,38.4,4,12.64,18.21,Weekday,210.18
29.78,24.33,6,10.62,19.65,Weekday,218.87
20.86,49.33,2,5.53,7.65,Weekend,101.09
36.67,37.57,6,2.74,5.95,Weekend,164.06
23.42,36.47,7,1.26,11.39,Weekday,142.21
15.73,91.99,3,11.09,4.56,Weekday,156.51
34.36,66.22,2,12.56,1.62,Weekend,158.32
20.31,61.77,3,13.22,18.97,Weekday,187.52
43.21,51.18,3,14.62,18.59,Weekend,226.41
43.62,52.17,4,14.08,4.09,Weekend,213.77
42.45,60.57,2,16,8.75,Weekday,220.29
26.1,72.23,3,3.91,16.79,Weekday,148.87
15.46,72.66,5,12.21,13.56,Weekday,165.31
42.85,32.88,3,9.38,8.5,Weekday,183.23
27.85,57.51,5,4.18,15.14,Weekend,169.01
44,50.9,2,15.71,18.04,Weekend,228.89
43.91,85.29,7,14.37,18.6,Weekday,278.85
40.59,67.36,6,2.06,8.2,Weekday,159.46
23.83,59.94,2,0.42,4.3,Weekday,82.49
26.55,28.65,6,11.01,18.34,Weekday,199.06
40.53,65.42,6,9.67,2.76,Weekday,184.25
24.51,28.79,2,14.97,14.71,Weekday,165.97
20.08,45.29,3,3.74,3.67,Weekday,108.86
31.7,30.71,1,1.35,8.4,Weekend,107.3
43.08,71.91,3,4.15,8.82,Weekday,151.76
35.88,35.47,3,0.3,4.02,Weekend,117.69
32.1,49.39,7,0.57,18.53,Weekend,186.87
17.92,87.18,4,14.64,1.05,Weekday,159.95
33.45,35.32,4,5.63,17.98,Weekday,174.69
44.7,58.09,3,6.57,17.79,Weekday,186.47
19.2,51.45,5,0.29,7.02,Weekday,108.85
30.55,21.36,7,4.33,14.38,Weekend,160.9
41.32,79.46,6,12.88,5.8,Weekday,221.96
37.22,25.18,4,9.85,15.42,Weekday,187.67
35.91,55.57,3,12.06,11.66,Weekday,174.91
36.07,62.05,7,7.16,6.7,Weekend,203.67
25.78,67.13,1,4.96,8.6,Weekday,120.35
23.81,71.65,5,7.72,14.11,Weekday,164.61
39.28,39,2,5.17,18.22,Weekday,166.99
39.3,20.75,3,13.42,3.48,Weekend,166.17
41.01,74.26,7,4.76,11.86,Weekday,192.85
42.4,60.17,3,10.56,5.82,Weekday,170.84
30.34,82.71,6,2.19,16.23,Weekday,164.92
30.05,81.6,5,10.99,2.33,Weekday,176.65
38.95,83.25,4,14.61,14.09,Weekday,224.59
34.5,56.38,4,9.74,4.32,Weekday,170.33
36.06,45.02,4,8.96,12.33,Weekday,155.29
38.87,79.37,2,15.38,16.88,Weekday,212.98
41.7,53.85,7,10.04,15.35,Weekday,223.13
25.14,33.76,5,4.15,15.31,Weekday,148.16
26.27,84.12,5,4.68,10.84,Weekday,157.63
17.82,86.19,4,11.28,17.92,Weekday,181.97
32.35,54.97,4,11.77,12.17,Weekend,192.16
16.08,25.68,6,4.86,18.43,Weekday,143.38
28.97,49.09,1,5.53,11.38,Weekday,121.58
31.28,80.27,1,15.86,10.61,Weekday,182.67
23.6,87.63,3,1.63,5.22,Weekday,115.64
32.72,35.26,3,6.47,11.35,Weekday,148.27
15.92,25.02,5,1,3.67,Weekday,82.45
16.12,85.8,5,13.14,17.52,Weekend,190.72
39.68,49.21,2,1.48,13.84,Weekend,148.36
25.81,60.63,2,10.78,19.88,Weekend,183.96
18.81,92.6,1,0.9,2.75,Weekend,93.33
30.67,24.99,3,10.77,5.57,Weekend,148.48
38.1,68.62,1,13.49,17.67,Weekend,186.71
21.47,25.56,1,6.38,8.51,Weekday,104.81
33.69,48.16,3,8.35,9.86,Weekday,152.64
17.56,80.29,7,6.42,17.35,Weekday,177.95
16.55,52.51,2,4.81,10.91,Weekday,108.38
30.94,94.79,6,12.85,4.68,Weekday,204.68
31.22,61.93,6,4.35,17.95,Weekend,193.99
34.12,44.09,6,11.57,1.59,Weekday,187.55
36.78,36.51,3,3.3,18.01,Weekday,166.19
44.28,46.29,4,4,1.96,Weekday,148.72
30.49,47.94,4,5.38,13.65,Weekday,142.01
24.69,25.15,4,9.43,2.36,Weekday,126.72
38.86,47.72,5,7.27,14.42,Weekday,199.96
23.12,54.82,2,11.92,1.65,Weekday,132.53
28.17,74.21,2,3.42,17.01,Weekday,159.18
17.35,69.25,7,0.17,9.85,Weekday,127.43
15.76,73.16,7,12.42,2.78,Weekday,186.84
43.88,20.63,5,13.15,14.43,Weekday,216.06
40.08,36.33,1,0.95,10.3,Weekday,114.62
35.88,69.63,7,9.77,4.63,Weekday,189.94
27.27,56.3,6,6.05,1.3,Weekday,149.34
20.2,20.4,4,12.7,8.94,Weekday,140.01
19.69,80.34,6,13.99,2.63,Weekday,171.89
22.51,77.96,4,13.62,2.79,Weekday,162.89
31.48,61.13,6,12.44,6.08,Weekday,174.27
36.44,24.98,1,4.3,12.98,Weekend,133.23
34.81,77.49,6,12.99,11.07,Weekday,230.47
23.4,63.78,6,8.54,2.31,Weekday,156.2
43.65,78.65,3,0.84,19.4,Weekday,167.37
37.14,76.38,6,7.31,17.86,Weekday,206.12
31.63,80.23,3,15.07,5.93,Weekday,188.57
33.35,58.85,2,14.21,3.32,Weekend,165.84
27.59,30.52,5,1.64,18.91,Weekend,156.52
22.43,70.34,6,11.91,9.76,Weekday,180.22
25.68,66.54,2,12.89,6.91,Weekend,152.21
37.74,75.67,7,4.34,10.32,Weekday,198.31
15.43,32.74,7,7.55,15.68,Weekday,167.73
18.48,34.62,3,11.38,4.2,Weekday,112.98
16.38,86.78,6,7.02,15.58,Weekday,166.72
16.22,76.25,6,1.8,15.24,Weekday,150.07
40.66,88.12,1,11.29,11.25,Weekday,181.87
36.11,76.9,2,14.59,17.45,Weekday,203.45
29.23,64.79,4,10.44,3.51,Weekday,156.72
17.94,69.06,4,12.38,12.31,Weekday,168.69
29.75,86.68,1,5.73,9.54,Weekday,132.9
29.2,63.41,3,2.93,9.02,Weekday,127.97
20.2,67.43,4,10.28,5.8,Weekday,146.42
28.02,31.74,4,5.24,8.07,Weekday,125.52
26.96,55.54,7,13.76,3.05,Weekend,186.63
33.48,73.73,7,1.96,5.78,Weekday,151.2
34.05,40.32,5,6.94,6.17,Weekend,163.9
16.36,35.17,2,6.35,14.69,Weekday,121.55
26.24,43.54,3,15.01,1.92,Weekday,148.53
33.78,38.11,6,2.45,13.37,Weekend,153.67
30.09,36.12,2,0.16,5.21,Weekday,86.2
40.69,51.86,3,3.81,2.56,Weekday,146.79
34.76,88.09,4,13.12,6.72,Weekday,192.32
19.89,58.03,5,3.35,5.26,Weekday,118.15
17.12,34.09,2,3.85,11.49,Weekday,93.28
34.27,25.77,4,2.08,7.79,Weekday,132.49
15.8,72.21,3,11.45,19.35,Weekend,172.2
32.57,48.71,2,1.11,19.31,Weekday,130.89
43.21,81.64,6,5.3,9.43,Weekday,186.61
32.26,69.46,2,4.52,16.11,Weekend,158.71
26.65,79.72,4,8.88,1.25,Weekday,148.71
34.3,40.4,2,11.69,11.41,Weekday,157.64
28.75,71.93,6,8.53,15.12,Weekday,202.78
31.37,39.8,5,14.9,5.12,Weekday,181.57
43.24,90.43,5,15.22,2.16,Weekday,200.43
26.58,67.73,4,5.78,3.96,Weekday,147.14
43.84,44.34,3,12.44,9.4,Weekday,192.05
42.16,40.21,4,11.82,10.62,Weekend,204.99
20.87,34.32,5,14.29,8.24,Weekend,188.66
17.08,72.1,1,7.17,9.36,Weekday,105.2
18.02,36.4,1,8.49,9.93,Weekend,120.25
15.55,64.65,2,6.65,15.62,Weekday,137.08
17.83,39.85,6,13.61,3,Weekday,152.4
35.49,69.65,7,3.68,15.61,Weekday,203.34
17.14,81.12,7,3.84,14.08,Weekday,148.15
24.57,78.35,7,5.96,15.09,Weekend,188
40.35,77.06,2,3.69,14.95,Weekday,152.63
15.7,34.08,1,8.98,9.94,Weekday,114.31
39.43,26.63,5,2.15,5.02,Weekday,131.97
23.46,72.42,2,5.12,11.2,Weekday,122.69
18.54,47.63,7,14.62,19.2,Weekday,204.65
35.9,52.43,7,6.55,12.18,Weekend,188
33.87,22.34,4,11.97,1.21,Weekend,155.06
41.32,39.47,7,1.82,2.13,Weekday,154.73
37.05,22.53,6,3.96,19.86,Weekday,182.18
39.1,85.94,7,12.92,2.37,Weekday,213.77
23.46,38.25,4,12.21,1.87,Weekend,144.43
20.32,61.8,7,6.18,7.71,Weekday,153.03
37.52,22.92,6,15.27,19.42,Weekday,221.16
39.21,70.01,5,14.57,7.05,Weekend,212.07
44.72,44.23,2,15.4,8.79,Weekday,196.6
27.38,87.34,6,6.85,13.05,Weekday,185.35
26.16,86.61,4,3.16,1.46,Weekday,123.88
38.29,44.4,2,10.03,18.06,Weekday,173.27
25.22,87.57,2,10.96,10.87,Weekday,164.31
42.92,94.71,4,2.01,9.87,Weekday,169.4
40.75,81.91,1,12.58,17.35,Weekday,212.25
27.87,83.37,7,0.29,19.11,Weekday,162.56
37.53,38.68,6,7.72,9.05,Weekend,185.71
37.64,63.25,4,5.3,4.28,Weekday,160.21
18.09,25.04,5,11.84,16.5,Weekend,172.31
42.08,27.12,3,5,8.66,Weekday,142.14
30.16,94.92,4,13.23,18.78,Weekday,209.07
39.79,44.5,7,9.52,19.05,Weekday,232
24.6,76.11,7,12.7,3.18,Weekday,174.89
41.87,80.5,2,15.83,19.17,Weekday,226.26
26.68,84.35,2,10.87,8,Weekday,148.81
15.33,94.82,4,15.76,13.28,Weekday,181.75
42.16,38.11,3,0.46,1.66,Weekday,120.59
17.74,23.03,4,5.41,17.89,Weekend,136.38
24.58,50.84,3,1.73,13.19,Weekday,122.14
43.5,29.76,3,4.2,13.23,Weekday,149.28
43.52,21.68,7,13.42,18.14,Weekday,247.79
32.2,47.03,7,0.52,10.66,Weekday,155.55
33.96,78.78,7,8.32,8.8,Weekend,212.47
28.45,62.46,5,9.07,17.46,Weekday,185.94
23.8,43.46,7,8.98,15.11,Weekday,189.1
24.86,69.08,6,7.6,19.03,Weekday,195.83
35.18,37.4,2,12.65,18.86,Weekend,197.4
37.57,21.08,2,2.14,8.26,Weekday,131.33
38.75,77.33,3,4.97,9.49,Weekday,146.88
38.69,66.78,2,9.85,5.86,Weekday,164.3
17.74,77.17,1,11.06,13.55,Weekday,139.39
29.83,22.92,3,6.47,7.93,Weekday,127.29
16.73,82.78,2,14.01,15.94,Weekend,185.98
31.49,66.46,1,6.65,3.31,Weekend,121.85
28.25,62.25,5,6.44,3.21,Weekday,152.41
41.63,66.85,2,0.58,4.88,Weekday,115.91
25.53,84.83,1,8.82,2.6,Weekday,132.96
18.51,64.02,4,11.34,12.78,Weekday,163.49
19.29,63.57,6,1.83,3.8,Weekday,116.13
37.85,94.3,4,4.89,4.04,Weekday,147
33.55,76.75,1,12.5,1.27,Weekend,153.21
18.03,53.17,3,5.85,15.86,Weekday,128.16
17.52,73.05,7,3.87,16.43,Weekend,181.99
36.03,49.19,7,10.76,4.08,Weekday,193.39
17.18,37.17,7,3.15,15.05,Weekday,140.59
39.66,64.76,3,14.33,9.24,Weekday,194.51
36.19,89.61,2,1.69,5.55,Weekend,121.96
17.44,89.69,7,11.3,12.81,Weekday,205.52
17.55,45.64,4,7.99,4.39,Weekend,137.95
44.6,59.58,3,13.92,15.38,Weekend,223.09
26.23,35.87,3,2.02,1.9,Weekday,112.68
26.12,94.67,7,10.85,19.22,Weekday,222.41
39.38,93.58,4,9.15,2.37,Weekend,191.13
43.42,68.71,5,7.68,12.01,Weekday,204.28
44.58,80.33,3,7.86,18.14,Weekday,199.04
37.6,73.63,7,11.55,1.23,Weekday,201.91
26.29,64.49,6,15,10.47,Weekend,213.2
17.51,24,1,1.46,7.65,Weekday,59.68
38.31,54.11,2,0.31,12.03,Weekend,136.36
31.75,70.61,3,12.89,5.28,Weekday,181.1
27.73,70.81,6,1.73,2.23,Weekday,126.32
42.19,47.98,6,15.79,12.89,Weekday,236.06
18.34,90.63,3,9.91,8.92,Weekday,139.53
29.78,32.55,5,10.41,12.83,Weekend,179.59
15.34,57.53,1,3.18,5,Weekend,79.95
29.06,71.82,2,3.84,7.44,Weekend,141.14
16.69,72.29,3,10.55,11.67,Weekend,151.34
18.56,68.65,2,14.56,12.27,Weekday,158.26
18.53,40.65,4,15.72,8.07,Weekday,165.28
34.48,31.72,6,3.17,6.32,Weekday,134.07
37.38,67.7,6,2.15,6.2,Weekend,145.02
32.5,64.95,3,0.9,4.32,Weekday,104.49
43.87,33.45,3,13.89,7.18,Weekend,198.9
26.25,72.89,4,4.72,4.79,Weekday,132.84
23.57,54.14,5,0.03,13.04,Weekend,139.45
41.06,70.08,3,3.58,11.81,Weekday,148.87
21.71,82.8,6,5.45,8.27,Weekday,152.99
43.9,32.73,2,15.86,7.19,Weekend,184.27
15.36,21.44,1,8.38,5.51,Weekend,99.05
44.1,78.43,7,3.28,11.17,Weekday,187.2
16.29,65.73,2,5.36,18.46,Weekend,132.82
41.73,72.47,5,5.28,14.03,Weekend,198.16
30.83,82.86,1,0.32,15.14,Weekday,119.96
44.79,80.21,2,2.16,16.85,Weekday,149.4
17.21,92.07,2,11.12,7.68,Weekday,154.86
31.62,60.2,4,1.92,2.19,Weekday,116.47
44.08,56.64,7,3.69,12.83,Weekend,189.29
30.69,50.14,5,5.61,4.58,Weekday,151.72
33.88,31.53,6,12.12,11.81,Weekday,205.38
35.87,62.95,4,9.32,15.05,Weekday,188.08
28.64,40.78,1,11.02,15.89,Weekday,168.63
33.83,89.1,7,9.07,6.73,Weekday,193.33
32.53,63.74,6,10.94,10.74,Weekday,199.92
42.03,64.46,4,0.05,12.8,Weekday,159.45
16.36,46.62,7,14.89,16.57,Weekday,215.03
23.43,23.9,5,1.77,15.47,Weekend,120.81
43.51,22.38,3,6.5,19.77,Weekday,200.12
41.71,51.75,3,12.34,1.15,Weekday,182.04
28.67,26.34,1,6.96,9.31,Weekday,122.93
33.6,65.51,3,15.15,5.86,Weekday,178.82
23.32,86.07,4,7.48,3.28,Weekday,133.61
20.64,86.22,1,14,18.32,Weekend,181.62
28.91,69.43,6,12.97,19.96,Weekday,227.11
25.6,35.84,5,15.7,4.43,Weekend,185.13
32.51,84.72,1,14.82,1.73,Weekday,163.73
17.33,86.46,6,14.37,6.23,Weekend,191.95
44.23,34.75,1,11.71,16.86,Weekend,175.33
44.59,75.31,2,5.87,6.58,Weekday,157.63
35.94,41.49,2,1.7,2.08,Weekday,94.3
31.08,80.2,1,11.02,2,Weekday,141.66
24.29,94.79,7,15.66,9.12,Weekday,229.13
39.41,22.25,3,11.63,18.7,Weekend,192.82
35.54,87.3,2,14.86,6.43,Weekday,181.51
19.88,66.7,7,12.87,9.12,Weekday,182.96
42.33,93,7,2.61,2.94,Weekend,177.57
39.68,54.88,5,3.99,10.38,Weekend,178.09
43.49,83.55,6,5.47,14.23,Weekday,213.58
36.77,24.68,4,2.69,6.15,Weekend,148
33.4,45.15,2,9.31,6.64,Weekday,138.11
27.55,25.03,1,15.61,17,Weekday,178.19
42.98,93.15,3,12.18,1.2,Weekday,193.57
40.98,81.27,4,6.77,13.09,Weekend,207.66
16.36,83.94,6,0.07,8.48,Weekday,114.17
15.79,90.35,7,5.01,6.67,Weekday,132.73
26.29,26.38,6,8.43,13.49,Weekday,168.64
39.32,48.92,2,5.19,16.86,Weekday,184.35
44.62,25.33,6,1.78,11.61,Weekday,160.68
19.51,35.81,6,7.08,1.59,Weekend,138.14
32.82,37.2,3,4.05,9.77,Weekday,116.23
26.43,55.18,7,14.55,9.79,Weekday,221.65
44.1,40.14,3,1.63,11.33,Weekend,137.65
40.26,27.57,3,0.79,13.75,Weekend,124.4
40.15,32.56,1,0.09,1.37,Weekday,94.22
29.06,31.05,6,5.25,10.54,Weekday,157.38
27.44,92.98,6,10.57,12.18,Weekend,215.99
23.2,76.95,6,11.69,7.52,Weekend,193.79
16.69,92.58,5,7.25,13.7,Weekday,144.59
40.94,52.98,3,10.95,5.34,Weekday,173.38
39.39,40.88,4,5.76,7.03,Weekday,150.96
44.99,79.87,2,10.68,19.29,Weekday,200.79
44.9,44.47,7,0.65,7.61,Weekday,173.3
31.66,42.45,4,6.25,7.58,Weekday,154.89
38.07,37.44,7,12.65,12.32,Weekday,213.35
43.34,29.73,1,12.85,19.45,Weekend,197.88
40.49,39.23,1,11.46,19.68,Weekday,185.38
22.42,46.65,7,3.27,12.01,Weekday,146.2
28.52,70.55,6,3.96,1.02,Weekend,142.12
18.87,24.69,4,15.94,18.11,Weekday,179.65
43.62,35.79,6,1.65,11.83,Weekday,171.73
33.19,80.68,5,2.89,7.95,Weekend,154.75
21.86,31.02,1,2.08,16.75,Weekday,106.29
35.15,45.7,1,5.24,8.6,Weekend,127.76
33.54,84.85,4,3.36,1.65,Weekday,141.76
25.74,31.62,1,7.96,16.6,Weekday,131.29
18.41,26.21,5,7.62,11.37,Weekend,150.13
35.15,56.34,5,14.42,7.42,Weekday,194.62
30.61,42.68,5,0.56,5.77,Weekend,135.17
38.17,62.26,2,5.12,12.28,Weekday,139.21
30.6,80.29,5,9.55,4.95,Weekday,172.98
40.57,30.29,5,9.68,7.15,Weekend,181.85
31.56,63.55,2,7.68,13.09,Weekday,154.88
31.83,57.91,6,13.05,17.75,Weekday,210.95
41.3,30.81,3,1,11.12,Weekday,135.02
27.1,66.8,1,13.05,15.42,Weekday,160.6
19.02,40.52,5,7.92,15.5,Weekend,159.21
15.86,56.59,1,2.14,13.62,Weekend,95.48
37.65,26.17,4,14.17,5.67,Weekday,186.51
33.61,54.47,1,10.39,17.47,Weekday,170.54
36.12,42.98,7,2.62,9.29,Weekday,181.15
21.39,81.68,6,0.54,1.84,Weekday,113.39
19.09,24.27,2,2.26,5.65,Weekend,84.17
15.44,51.4,1,9.74,15.55,Weekday,154.71
25.52,54.38,1,2.87,2.31,Weekday,86.46
32.7,74.38,1,3.61,3.8,Weekend,126.41
26.77,63.07,3,0.4,14.19,Weekday,128.74
28.12,70.04,3,11.57,17.96,Weekday,205.88
42.12,78.28,4,12.97,13.04,Weekday,206.9
25.45,84.67,2,12.75,5.22,Weekend,148.71
30.42,43.54,1,2.04,2.01,Weekday,80.49
38.51,60.35,1,14.45,12.69,Weekday,189.75
26.9,83.01,1,10.76,1.9,Weekend,130.87
33.66,94.21,1,14.36,12.64,Weekend,177.22
40.87,86.71,3,7.15,5.29,Weekend,165.01
43.49,47.86,6,6.99,18.19,Weekday,215.06
19.41,34.64,6,12.55,10.03,Weekday,164.65
42.8,56.7,4,1.49,5.25,Weekday,153.46
29.76,75.62,7,8.33,17.21,Weekday,198.62
22.75,56.94,5,13.38,5.83,Weekday,171.18
28.77,56.24,2,13.28,6.83,Weekday,156.33
44.4,82.87,6,15.3,16.85,Weekday,260.2
29.78,47.11,7,11.17,6.87,Weekday,191.43
24.86,84.48,1,3.32,8.79,Weekend,130.08
34,50.51,6,0.32,7.61,Weekday,148.07
22.2,44.62,4,7.67,3.21,Weekday,123.57
17.28,54.05,5,8.22,1.74,Weekday,133.03
18.87,77.18,6,3.84,14.77,Weekday,160.9
18.84,29.45,4,2,13.26,Weekday,129.25
19.56,34.73,3,9.38,6.36,Weekday,124.58
19.16,91.36,5,12.23,6.62,Weekend,175.82
34.23,33.16,4,15.89,18.96,Weekend,232.26
20.46,62.58,7,12.13,19.77,Weekday,193.69
25.37,63.45,6,12.7,10,Weekend,195.19
41.9,56.72,3,9.86,16.25,Weekday,202.13
29.22,68.36,7,15.77,15,Weekend,246.46
35.03,37.24,4,10.24,6.65,Weekday,149.25
20.17,61.45,4,13.76,2.11,Weekday,142.62
20.77,47.91,7,15.13,3.71,Weekend,169.07
16.23,69.63,6,14.88,16.93,Weekday,209.27
20.07,30.59,5,6.1,14.89,Weekday,147.16
23.36,62.82,3,1.26,13.62,Weekend,136.87
20.31,33.9,1,2.75,3.48,Weekend,80
17.66,40.9,2,0.95,13.16,Weekday,111.2
18.62,36.4,5,1.69,15.67,Weekday,118.96
28.82,33.71,3,2.95,17.35,Weekend,139.53
21.19,81.93,7,5.46,1.25,Weekend,154.34
25.93,41.43,4,8.7,14.01,Weekday,155.34
30.1,89.53,7,11.39,1.36,Weekend,199.62
35.71,92.74,3,3.37,14.43,Weekend,167.15
16.18,62.84,7,10.76,13.08,Weekday,179.82
38.98,30.73,7,11.27,3.82,Weekend,198.49
33.84,48.09,2,8.94,15.56,Weekday,171.42
17.45,79.83,6,14.46,2.3,Weekday,170.74
41.21,47.55,2,1.78,16.7,Weekday,140.22
42.63,26.53,1,2.83,5.98,Weekday,119.12
16.83,61.76,1,6.86,14.09,Weekend,118.61
23.31,83.38,2,2.03,18.55,Weekday,124.91
39.19,79.69,5,9.06,7.46,Weekend,182.77
37.45,33.13,5,6.37,10.55,Weekend,181.7
20.54,70.46,7,4.55,9.8,Weekend,166.45
21.28,36.54,7,2.72,3.99,Weekday,137.55
26.11,36.37,4,5.37,12.22,Weekday,140.96
29.54,85.56,1,9.73,15.12,Weekday,172.49
33.55,38.73,4,9.21,18.42,Weekend,183.44
26.07,39.74,1,2.62,17.17,Weekday,101.12
28.88,20.05,2,2,10.69,Weekend,105.49
37.42,85.3,5,0.43,14.66,Weekend,170.48
16.1,79.44,7,0.2,16.21,Weekend,153.27
22.57,67.05,5,14.08,10.38,Weekday,197.17
36.4,76.27,2,0.72,3.19,Weekday,117.25
41.86,31.4,4,11.7,9.32,Weekend,212.97
30.35,54.37,4,13.95,17.01,Weekday,204.1
30.96,46.34,3,1.57,12.34,Weekend,133.64
18.22,27.03,7,6.98,14.76,Weekday,163.5
28.42,56.46,7,15.4,4.52,Weekend,211.36
30.98,89.06,7,13.35,19.32,Weekend,248.96
22.27,23,1,7.84,8.68,Weekday,99.49
23.08,41.86,4,12.2,13.42,Weekday,177.34
26.32,35.57,2,13.33,1.36,Weekend,162.08
15.6,37.86,4,5.57,3.42,Weekday,96.96
24.66,88.13,5,14.27,15.86,Weekday,209.63
21.34,55.11,1,7.53,19.39,Weekday,128.5
24.82,54.97,7,8.44,7.08,Weekday,176.77
18.59,77.04,6,16,1.71,Weekday,186.32
41.72,31.59,3,13.49,7.86,Weekend,179.53
32.81,56.54,1,5.79,1.33,Weekday,102.5
35.37,52.25,5,0.17,4.66,Weekday,113.68
38.68,64.77,7,10.02,15.3,Weekend,241.35
29.95,94.97,5,11.26,18.8,Weekday,207.75
17.61,77.71,5,10.41,2.66,Weekday,146.65
31.11,49.84,7,15.49,11.6,Weekend,224.23
32.61,82.07,5,13.81,5.82,Weekend,211.16
37.36,32.8,2,7.18,3.64,Weekday,138.71
27.95,22.28,3,1.01,5.16,Weekend,106.73
18.83,35.33,6,7.62,11.98,Weekend,151.62
23.51,45.53,5,11.03,2.24,Weekday,155.98
25.89,58.29,5,9.72,9.25,Weekday,175.63
34.38,66.13,4,8.61,3.57,Weekend,170.53
32.12,88.3,3,7.5,6.18,Weekday,145.35
25.68,58.24,1,4.7,4.62,Weekday,93.99
44.6,57.6,3,4.44,17.78,Weekend,199.52
33.17,23.77,3,8,14.45,Weekday,174.21
22.12,22.62,7,2.57,17.5,Weekday,152.1
18.05,61.34,7,5.45,8.29,Weekday,149.09
19.59,52.86,7,5.18,6.95,Weekday,147
22.38,82.94,6,9.39,8.23,Weekday,178.18
19.82,32.05,3,1.07,1.35,Weekday,65.53
20.6,21.87,6,13.27,14.77,Weekday,185.71
23.55,53.68,5,9,7.65,Weekday,147.56
20.2,37.81,7,10.73,6.95,Weekend,172.14
41.9,23.72,5,11.25,12.36,Weekend,198.3
17.41,74.34,7,4.66,9.29,Weekday,145.87
30.74,28.37,2,7.53,19.64,Weekend,163.35
27.31,65.62,6,15.3,7.77,Weekend,202.85
44.47,41.08,6,12.27,12.66,Weekend,219.64
18.36,33.01,1,15.51,6.92,Weekday,147.62
26.94,48.48,4,11.94,19.82,Weekday,183.69
44.08,80.11,3,2.81,9.46,Weekend,147.35
40.97,49.41,1,1.03,13.05,Weekday,134.46
39.51,76.31,6,9.24,3.41,Weekday,188.79
22.74,29.41,1,5.73,14.93,Weekday,116.12
20.13,77.96,2,4.41,6.11,Weekend,115.17
35.06,37.77,4,12.92,9.52,Weekday,195.67
42.88,70.8,6,5.87,17.78,Weekday,226.88
31.7,62.43,6,5.07,19.44,Weekday,191.42
32.15,89.69,3,13.6,9.07,Weekend,185.51
23.4,49.05,7,13.54,16.86,Weekday,212.03
38.08,24.96,4,5.7,2.01,Weekday,142.84
20.61,21.44,2,13.32,17.1,Weekday,165.13
24.71,82.01,5,13.61,12.96,Weekday,199.95
27.76,59.36,1,6.78,10.29,Weekday,124.45
30.23,78.14,3,1.06,17.91,Weekday,138.79
22.27,37.58,6,0.03,17.06,Weekday,136.08
18.45,45.88,5,8.37,6.64,Weekday,127.25
33.32,22.26,2,5.51,16.04,Weekend,150.86
23.66,92.11,4,15.95,2.89,Weekday,181.79
32.44,70.09,1,12.36,16.63,Weekday,181
19.63,89.99,3,12.18,13.83,Weekday,177.32
29.43,39.91,6,15.28,2.67,Weekday,199.21
30.98,65.86,6,14.2,13.98,Weekday,217.62
16.55,70.89,5,5.09,12.03,Weekday,141.06
25.1,43.82,5,2.66,12.3,Weekend,139.37
19.03,83.61,1,11.93,6.53,Weekday,139.82
16.9,91.04,4,6.05,6.06,Weekday,130.25
44.7,86.36,2,7.57,15.49,Weekday,199.75
24.67,75.43,7,10.09,5.88,Weekday,190.43
39.3,40.81,4,14.53,9.48,Weekday,203.73
22.64,41.12,4,6.71,14.2,Weekday,145.87
35.45,92.25,4,12.53,2.51,Weekday,183.22
37.81,20.77,7,4.29,12.3,Weekday,180.5
32.87,73.7,1,11.17,12.2,Weekday,170.23
29.15,72.97,7,0.03,14,Weekday,159.08
27.36,66.7,1,13.94,8.03,Weekday,159.97
25.47,94.26,7,0.49,9.53,Weekday,147.08
42.89,43.39,2,11.4,7.27,Weekday,177.13
39.92,45.5,4,0.74,16.36,Weekday,151.29
43.95,25.92,1,4.26,3.48,Weekday,127.89
18.73,53.21,7,7.96,19.3,Weekday,181.39
36.93,39.58,2,6.72,13.06,Weekday,166.7
43.15,45.75,7,3.07,17.85,Weekday,200.79
20.44,82.59,6,5.34,9.1,Weekday,155.52
16.99,90.16,2,11.64,7.31,Weekday,130.93
37.23,33.93,4,10.71,18.11,Weekday,208.49
32.23,47.94,3,1.15,2.88,Weekend,112.6
40.25,89.65,4,11.96,3.23,Weekend,211.17
19.19,24.64,3,0.85,6.69,Weekday,84.86
38.86,26.93,2,8.69,19.24,Weekend,178.72
21.05,32.21,6,4.16,13.03,Weekday,138.85
19.91,64.64,6,9.4,11.53,Weekday,176.05
19.93,31.29,1,4.18,14.4,Weekend,112.92
39.44,92.61,6,15.76,8.93,Weekend,231.66
34.96,53.5,5,4.96,15.4,Weekend,175.61
30.69,57.61,2,3.87,8.47,Weekday,130.37
25.76,38.5,1,4.46,16.7,Weekday,117.56
41.32,55.32,6,14.34,6.08,Weekday,210.35
26.77,69.64,2,10.18,6.27,Weekday,146.26
39.5,76.34,4,11.69,10.93,Weekday,203.34
28.17,76.54,6,14.69,9.18,Weekend,209.27
26.31,63.34,7,14.59,13.31,Weekday,231.44
28.88,87.83,3,11.82,7.92,Weekday,171.77
24.04,81.31,2,3.17,5.38,Weekday,99.63
37.43,76.78,1,13.49,9.93,Weekday,168.01
30.08,24.17,4,3.26,11.66,Weekday,141.9
21.97,20.52,5,11.89,3.71,Weekend,143.56
41.99,35.93,4,10.97,11.58,Weekday,193.43
26.52,69.76,6,12.14,7.07,Weekday,179.85
31.31,50.84,3,8.52,8.46,Weekend,156.74
42.19,50.18,4,10.22,6.31,Weekend,190.65
33.73,86.34,5,15.25,18.7,Weekend,230.46
18.51,87.17,7,1.62,13.98,Weekend,154.86
43.19,88.19,1,4.94,5.99,Weekday,142.23
33.83,43.54,2,9.78,13.26,Weekend,160.42
25.05,71.83,3,15.42,17.12,Weekday,194.71
19.18,40.37,5,1.53,8.63,Weekend,112.51
38.82,34.3,6,0.36,16.77,Weekday,173.67
33.6,33.85,6,0.89,3.93,Weekday,125.58
31,45.66,6,0.84,16.63,Weekday,161.48
41.82,52.25,3,14.53,11.27,Weekday,208.42
38.66,82.32,4,11.54,5.24,Weekday,177.72
19.55,28.99,3,10.83,8.74,Weekday,131.81
24.35,75.12,6,8.36,19.77,Weekend,199.61
22.45,59.86,7,12.51,15.89,Weekday,207.75
37.32,41.6,5,2.49,11.93,Weekday,155.21
16.01,56.96,2,6.27,3.19,Weekend,110.47
32.1,42.5,2,7.84,8.94,Weekday,142.31
37.87,64.71,3,1.77,6,Weekday,136.29
41.3,52.54,6,6.71,2.35,Weekday,168.74
25.26,32.33,1,5.06,11.3,Weekday,114.5
39.64,28.74,7,0.57,17.89,Weekend,198.39
18.32,61,3,2.19,13.84,Weekend,124.77
40.39,87.68,6,12.22,5.74,Weekend,228.48
18.82,45.8,4,0.29,11.9,Weekday,104.77
26.92,74.98,2,14.95,18.92,Weekday,203.23
38.92,69.4,2,1.38,14.74,Weekday,153.61
19.5,89.87,7,12.79,14.1,Weekday,208.58
21.88,81.57,2,14.38,19.4,Weekday,186.62
36.67,62.5,1,15.06,16.18,Weekday,184.14
36.6,69.28,6,13.88,3.6,Weekday,204.78
34.23,87.38,6,4.6,7.61,Weekday,177.79
35.82,49.96,7,5.33,19.34,Weekday,195.87
31.28,44.51,6,6.82,10.3,Weekend,165.88
22.55,20.81,7,2.23,3.12,Weekday,120.55
25.37,81.99,6,0.36,9.71,Weekend,148.08
20.45,80.07,1,13.91,14.24,Weekend,156.96
42.25,27.83,5,8.87,19.95,Weekday,208.53
32.5,63.26,3,9.74,7.15,Weekday,163.37
27.03,54.8,3,14.83,10.77,Weekday,190.09
28.86,28.9,6,10.64,17.71,Weekday,191.67
43.42,93.54,4,11.05,7.75,Weekday,221.7
19.6,36.1,2,12.59,3.08,Weekend,130.97
32.59,25.04,1,1.86,19.03,Weekend,119.8
30.18,64.61,4,5.76,10.28,Weekday,151.61
33.34,75.42,4,15.49,10.55,Weekend,203.67
15.54,22.43,6,14.77,12.8,Weekday,175.99
41.16,69.4,1,14.15,1.07,Weekend,177.66
42.96,59.92,3,7.23,18.69,Weekday,195.13
31.95,27.74,2,13.72,7.87,Weekday,151.83
35.9,32.94,3,0.77,8.54,Weekday,110.74
42.67,62.6,4,2.38,4.31,Weekend,156.12
36.22,42.23,2,6.62,8.18,Weekday,146.82
19.58,90.37,5,7.73,16.27,Weekday,169.05
32.29,81.41,4,4.22,16.2,Weekend,153.85
33.2,93.77,3,5.7,18.78,Weekend,174.61
27.72,39.48,3,2.6,8.66,Weekday,124.41
37.09,92.73,6,7.83,14.47,Weekend,208.72
43.03,52.34,3,12.7,10.64,Weekday,194.94
42.77,46.06,1,10.58,16.28,Weekday,186.65
28.53,23.78,4,1.72,14.54,Weekday,127.77
18.4,23.96,7,7.8,7.99,Weekday,160.17
44.55,71.9,7,11.16,7.4,Weekday,221.27
40.17,54.34,2,8.48,5.8,Weekday,148.62
18.74,36.99,3,6.27,11.95,Weekday,132.79
42.63,66.05,6,9.95,19.31,Weekend,237.19
41.1,38.96,6,15.5,4.8,Weekend,210.34
30.57,63.32,3,1.52,2.81,Weekday,114.8
32.74,46.94,1,6.24,3.27,Weekday,113.93
26.97,81.77,6,6.51,15.88,Weekday,176.12
16.64,81.55,7,9.23,7.65,Weekend,174.56
25.06,55.8,2,2.43,5.26,Weekday,99.11
39.09,46.31,4,2.83,7.7,Weekday,132.42
15.14,47.19,5,4.57,13.26,Weekday,122.65
25,80.43,1,15.29,11.39,Weekday,185.94
26.95,44.61,6,11.75,15.13,Weekday,196.67
31.12,35.68,4,10.59,7.44,Weekend,178.51
42.6,26.35,5,13.07,9.59,Weekday,206.96
25.39,55,3,2.04,2.94,Weekday,111.75
25.41,56.16,3,13.75,2.39,Weekday,158.16
37.13,83.07,2,9.52,9.78,Weekend,169.53
28.57,36.59,5,5.37,6.73,Weekday,146.2
21.74,48.57,3,13.05,12.64,Weekday,156.64
28.57,80.63,3,12.84,1.82,Weekday,168.84
19.23,81.77,7,13.53,3.31,Weekend,190.06
20.29,48.85,6,1.85,17.44,Weekday,146.01
29.95,54.43,2,15.51,11.76,Weekday,178.4
27.57,42.75,4,15.35,14.53,Weekend,206.89
42.45,89.94,3,5.72,17,Weekend,194.26
25.87,28.9,7,1.05,9.81,Weekday,122.29
32.42,90.03,1,2.67,15.46,Weekend,130.69
33.97,71.29,1,15.89,10.97,Weekday,175.99
15.39,59.87,4,9.01,5.23,Weekday,135.99
34.91,22.45,5,5.71,7.42,Weekday,158.44
20.34,55.67,2,4.61,10.32,Weekday,115.36
43.83,50.58,7,4.11,7.02,Weekday,186.54
19.46,32.09,6,10.63,7.38,Weekday,168.27
27.44,69.23,7,6.71,7.41,Weekend,180.4
17.56,92.84,1,15.45,3.33,Weekend,154.41
44.91,62.16,1,10.94,2.61,Weekday,162.37
30.07,73.61,4,12.67,1.88,Weekday,165.68
32.86,25.13,5,4.68,3.11,Weekday,132.36
17.01,51.33,5,1.27,7.53,Weekday,124.69
37.5,28.73,4,7.81,12.28,Weekday,161.57
21.3,65.96,7,5.03,4.57,Weekday,149.35
41.94,90.39,1,3.23,17.87,Weekday,152.36
21.15,69.63,7,15.24,16.36,Weekday,214.66
20.72,25.76,7,7.1,10.89,Weekend,168.14
16.1,46.6,2,2.8,14.76,Weekend,94.52
29.16,61.3,1,3.18,7.96,Weekday,117.93
31.95,50.24,5,4.49,1.7,Weekday,152.9
16.97,82.52,6,15.99,18.18,Weekday,218.18
38.27,81.1,7,4.29,3.43,Weekday,186.14
28.6,65.89,1,5.26,19.01,Weekday,146.73
30.73,48.01,7,10.55,11.87,Weekday,204.98
28.22,39.15,2,4.7,6.81,Weekday,118.31
27.02,27.94,3,3.45,10.41,Weekday,115.39
31.79,46.62,1,2.54,10.53,Weekday,109
19.66,50.99,4,5,1.44,Weekday,117.82
20.46,70.69,3,1.69,7.75,Weekday,106.38
40.85,69.36,7,0.3,15.06,Weekend,188.68
43.38,25.26,4,12.87,10.69,Weekend,202.82
26.2,49.64,4,2.21,5.64,Weekday,118.84
23.12,33.63,4,12.42,7.37,Weekday,146.3
34.32,31.76,1,12.76,17.4,Weekend,178.55
27.26,82.05,5,8.61,10.99,Weekday,179.07
15.76,23.14,7,4.95,11.04,Weekend,132.66
19.68,51.44,3,2.32,19.27,Weekday,129.37
36.48,32.62,2,11.79,7.1,Weekend,157.93
34.77,85.95,5,9.62,10.11,Weekend,201.41
15.81,61.78,7,10.49,16.42,Weekday,203.59
21.66,37.35,1,0.14,15.42,Weekday,91.77
21.93,57.68,4,14.84,6.05,Weekday,160.25
35.16,74.86,2,1.06,3.87,Weekday,116.93
15.59,91.86,7,5.87,14.31,Weekday,173.32
18.12,36.53,3,6.44,5.9,Weekday,102.05
39,86.46,7,0.02,18.53,Weekday,179.25
20.36,90.07,5,7.95,3.46,Weekday,139.59
34.58,88.73,6,12.04,7.05,Weekend,211.19
22.15,67.66,5,13.17,2.04,Weekday,160.28
17.98,67.24,7,14.07,14.36,Weekday,212.08
22.3,50.24,2,7.8,17.93,Weekday,149.91
36.67,76.43,7,10.09,13.08,Weekday,219.93
40.67,59.85,7,1.27,18.82,Weekday,180.33
39.91,70.81,1,7.81,3.44,Weekend,153.83
26.92,52.13,3,2.48,2.67,Weekday,120.94
35.04,74.86,2,5.91,16.93,Weekday,172.29
21.15,81.84,7,5.27,17.25,Weekday,175.03
23.79,30.98,4,6.78,16.79,Weekday,150.47
41.89,82.47,3,9.15,16.18,Weekend,209.57
15.39,60.52,5,14.45,7.88,Weekday,179.3
17.57,83.35,2,6.31,5.13,Weekday,106.67
21.24,52.35,5,15.7,18.65,Weekday,201.87
15.8,48.43,7,12.14,6.83,Weekend,173.3
20.44,88.63,5,8.18,8.57,Weekday,158.02
32.49,38.84,5,10.3,14.29,Weekend,199.29
27.64,83.32,1,1.64,6.57,Weekday,106.67
41.78,56.3,5,13.51,16.56,Weekday,218.16
39.52,58.56,4,9.32,2.33,Weekday,162.51
25.25,43.14,4,15.78,16.03,Weekday,191.64
22.78,62.98,3,10.18,12.44,Weekday,139.36
26.39,44.39,7,13.35,11.89,Weekday,210.46
32.71,22.95,6,12.8,9.71,Weekday,193.76
23.04,40.4,5,5.53,6.26,Weekend,132.92
33.72,20.48,5,4.15,9.82,Weekday,154.36
27.28,93.38,2,6.89,9.55,Weekday,147.54
31.56,92.43,1,7.48,12.09,Weekday,142.49
28.08,49.64,6,3.84,6.35,Weekday,149.57
23.83,74.63,3,14.31,2.47,Weekday,170.13
43.45,45.94,6,8.68,3.76,Weekday,186.21
37.91,70.33,5,15.66,14.28,Weekday,230.67
19.2,80.41,2,12.96,1.43,Weekday,137.01
41.05,91.01,7,8.89,17.27,Weekday,225.47
29.62,50.02,1,15.15,14.19,Weekend,181.87
41.84,78.75,7,8.08,15.59,Weekday,218.46
39,39.94,3,14.19,16.88,Weekday,207.14
27.76,94.27,6,5.73,3.33,Weekend,165.69
15.67,21.93,3,6.06,16.63,Weekday,126.88
23.06,65.26,5,6.69,10.59,Weekday,159.03
31.25,69.46,3,8.75,17.82,Weekday,172.24
34,71.6,7,8.86,17.85,Weekend,224.3
22.74,29.03,2,7.94,1.46,Weekend,117.23
19.18,90.39,3,4.9,8.27,Weekend,121.65
40.05,33.59,4,14.84,11,Weekday,219.09
44.53,66.71,2,9.42,13.89,Weekday,181.32
30.77,36.7,6,6.52,6.44,Weekday,170.94
20.15,43.04,1,10.42,5.79,Weekday,109.17
23.17,60.98,1,12.29,8.24,Weekend,145.98
15.55,51.29,5,15.37,10.52,Weekday,174.15
42.43,32.02,5,7.99,19.07,Weekday,192.97
18.53,32.82,4,1.79,15.48,Weekend,127.92
32.3,51.36,6,7.05,9.16,Weekend,184.42
23.22,76.8,7,7.66,2.03,Weekday,164.75
31.63,87.35,1,14.35,4.2,Weekday,162.97
34.54,26.31,1,6.32,9.66,Weekday,122.14
39.89,49.48,1,15.25,16.46,Weekday,208.3
21.19,27.52,7,7.76,8.23,Weekday,157.15
15.33,21.24,1,15.58,11.23,Weekday,130.74
19.11,69.63,3,0.13,17.94,Weekend,126.06
42,65.18,6,14.38,18.36,Weekday,234.87
41.22,32.23,2,14.9,5.1,Weekday,178.98
32.92,37.54,2,15.38,1.83,Weekday,164.98
33.02,21.78,4,0.21,6.8,Weekday,112.43
34.95,82.62,3,2.75,14.22,Weekday,161.03
20.26,93.1,1,10.46,19.07,Weekend,172.93
42.43,30.16,1,0.41,2.46,Weekend,107.88
27.56,37.36,5,1.02,1.54,Weekday,122.94
26.49,85.13,5,3.54,17.8,Weekend,184.14
30.57,89.48,4,8.2,15.21,Weekday,189.25
16.41,51.47,1,8.73,19.85,Weekday,138.8
19.99,23.8,4,0.55,8.54,Weekday,94.32
37.14,22.95,3,2.73,8.9,Weekend,129.42
17.48,63.05,2,8,4.27,Weekday,118.15
33.09,49.47,1,9.5,3.2,Weekday,130.62
22.36,22.15,6,2.37,12,Weekend,128.86
26.68,63.74,7,6.38,7.92,Weekday,162.87
23.66,20.85,3,14.47,2.53,Weekday,138.16
25.67,79.05,1,15.98,17.85,Weekday,203.15
36.57,42.98,7,15.8,4.77,Weekday,223.08
23.91,23.02,6,14.11,15.22,Weekday,195.2
31.99,64.13,5,6.31,6.36,Weekday,162.55
29.28,49.83,4,10.99,16.45,Weekend,194.51
34.91,93.04,5,6.67,3.25,Weekday,160.94
43.1,60.81,2,10.38,15.37,Weekday,182.99
36.98,40.64,5,4.95,2.86,Weekday,155.74
21.45,73.21,1,9.7,9.49,Weekend,127.3
15.94,40.36,6,8.38,14.95,Weekend,164.24
22.87,87.82,5,0.39,4.29,Weekday,112.94
32.85,48.1,1,12.65,6.43,Weekday,154.4
16.54,61.24,2,0.19,17.43,Weekend,106.33
29.89,23.79,7,4.69,17.82,Weekend,186.52
32.91,51.96,6,0.09,1.85,Weekday,108.83
25.03,82.43,5,6.02,4.19,Weekday,155.06
38.13,80.42,4,1.01,3.23,Weekday,142.3
18.2,36.82,4,14.62,4.41,Weekday,159.38
17.25,36.96,6,6.65,19.43,Weekend,175
36.85,81.3,4,7.35,11.48,Weekday,183.56
29.86,89.78,5,5.6,9.89,Weekday,162.52
35.65,27.15,5,10.04,19.7,Weekday,204.36
28.04,53.75,6,12.55,11.58,Weekday,198.88
22.39,45.31,5,10.37,13.56,Weekday,177.41
39.57,85.3,7,11.97,7.32,Weekday,227.78
38.98,26.26,1,14.5,8.26,Weekday,170.2
35.84,35.83,2,13.82,12.29,Weekday,183.95
23.16,76.44,7,10.78,2.33,Weekday,178.45
32.71,23.85,7,3.43,5.86,Weekend,164.08
25.83,56.94,4,10.2,4.74,Weekend,170.8
17.75,53.16,1,8.1,1.3,Weekday,99.97
42.52,45.08,6,11.48,11.2,Weekend,223.55
19.1,49.59,4,13.33,11.66,Weekday,165.11
43.51,59.75,1,11.88,8.29,Weekday,173.21
28.38,32.1,5,13.54,6.11,Weekend,174.29
20.55,62.9,6,1.02,13.39,Weekday,112.32
31.26,80.41,6,0.51,3.56,Weekday,131.78
41.19,77.01,4,4.14,10.85,Weekend,175.35
36.97,31.54,5,14.41,15.59,Weekend,217.71
39.2,31.19,4,13.18,4.12,Weekday,183.94
34.76,40.11,3,10.92,15.31,Weekend,180.02
35.77,47.08,1,11.21,15.46,Weekday,164.88
40.48,50.63,3,11.63,2.14,Weekday,152.16
22.49,70.98,1,15.08,1.36,Weekday,144.4
29.68,24.25,2,13.32,19.5,Weekday,172.43
21.64,22.6,7,9.97,4.67,Weekday,151.16
44.63,49.39,6,10.65,16.62,Weekday,232.17
43.32,72.29,4,3.42,11.68,Weekday,165.68
16.18,34.51,2,10.52,6.02,Weekday,119.11
36.17,68.11,2,6.79,3.47,Weekday,130.09
42.76,39.49,6,2.45,10.44,Weekday,170.61
20.42,86.46,6,12.9,8.74,Weekend,188.1
32.04,87.18,1,8.16,14.28,Weekday,157.84
42.46,42.3,3,15.64,18.18,Weekday,235.59
16.02,37.25,5,4.51,16.3,Weekday,123.03
35.92,50.85,1,7.69,6.21,Weekend,152.57
23.92,38.04,5,7.17,17.7,Weekday,158.31
42.73,70.43,2,1.93,16.83,Weekday,166.73
44.13,81.95,5,6.82,18.65,Weekday,224.28
43.33,70.48,3,4.6,9.71,Weekday,168.65
29.23,81.83,1,2.57,15.6,Weekday,121.28
40.86,49.77,6,4.51,12.24,Weekday,185.91
40.34,31.72,3,3.73,6.9,Weekend,163.57
24.57,75.35,7,11.75,19.89,Weekday,219.55
39.87,47.04,3,0.49,1.73,Weekend,120.08
16.11,70.35,7,9.88,4.08,Weekend,162.97
32.89,40.3,1,12.17,17.96,Weekend,182.69
21.9,26.09,6,7.69,2.15,Weekend,138.89
18.62,94.44,3,14.91,17.85,Weekend,199.46
17.31,31.72,7,11.33,14.59,Weekday,177.4
35.89,94.13,6,11.97,1.7,Weekday,190.13
25.2,93.3,4,3.15,9.16,Weekday,158.24
36.74,79.54,4,12.44,15.33,Weekend,215.93
16.96,69.46,4,13.31,12.08,Weekday,195.44
24.46,63.34,5,5.78,18.78,Weekday,173.76
31.18,84.96,3,3.41,17.49,Weekday,164.25
38.72,41.71,1,6.16,7.32,Weekend,136.57
24.56,55.08,1,11.83,2.61,Weekend,127.98
33.78,66.45,5,6.68,18.94,Weekday,190.18
41.58,50.84,1,11.79,10.83,Weekday,168.3
33.48,52.06,7,1.82,2.41,Weekday,137.96
21.99,44.77,4,12.9,16.51,Weekday,193.65
15.73,62.32,3,4.05,17.5,Weekday,134.15
41.1,83.79,1,3.98,13.15,Weekday,165.96
15.64,35.11,1,9.45,9.5,Weekend,124.1
41.24,90.08,2,1.12,13.58,Weekday,147.37
30.87,71.68,2,0.42,14.43,Weekday,114.38
43.17,81.75,2,4.18,17.97,Weekend,177.87
38.96,61.71,3,8.61,19.16,Weekday,194.28
44.94,78.46,4,14.52,10.77,Weekday,234.63
25.52,21.22,6,13.54,16.17,Weekday,196.39
38.02,81.38,4,7.85,19.33,Weekend,231.4
27.06,23.01,4,0.59,3.87,Weekday,95.34
29.4,86.74,3,8.56,1.35,Weekday,149.17
33.83,94.4,7,11.28,17.51,Weekend,234.68
41.21,42.06,7,5.43,4.71,Weekend,185.83
44.52,35.77,3,1.78,1.81,Weekday,125.84
38.05,77.4,2,4.46,4.04,Weekend,139.67
27.53,38.98,1,12.35,8.3,Weekend,143.11
27.64,84.92,5,5.62,5.17,Weekend,158.06
37.13,27.71,5,12.99,6.8,Weekend,200.26
22.16,29.45,6,5.11,19.53,Weekday,154.9
18.31,93.44,1,2.62,14.38,Weekday,112.03
25.64,70.54,6,6.97,14.53,Weekday,182.61
23.62,83.52,2,7.24,2.8,Weekday,127.75
23.89,44.32,6,0.26,14.91,Weekend,158.16
22.01,70.74,1,1.87,15.05,Weekend,120
16.26,64.57,1,2.96,13.54,Weekday,96.54
15.54,65.24,5,1.82,5.34,Weekday,102.92
44.63,71.19,7,5.46,9.04,Weekday,197.52
27.83,63.15,2,15.43,17.08,Weekday,186.98
26.53,52.18,3,8.15,13.73,Weekend,161.01
35.39,40.69,6,10.04,14.92,Weekday,205.29
21.55,77.64,5,5.7,12.16,Weekday,161.09
43.5,36.97,6,5.18,9.54,Weekday,186.99
38.59,71.93,6,0.37,15.42,Weekday,184.6
17.68,37.5,3,8.01,2.29,Weekend,107.79
27.53,66.9,2,7.74,13.79,Weekday,163.87
41.37,76.03,1,2.53,19.95,Weekend,160.49
43.34,36.4,4,12.23,15.82,Weekday,213.56
29.02,24.5,6,7.88,6.52,Weekday,155.85
33.4,29.82,4,5.42,6.28,Weekday,139.1
20.01,65.45,2,2.35,13.68,Weekend,122.7
44.74,83.71,4,8.83,18.02,Weekday,205.53
21.95,23.37,6,12.05,11.98,Weekday,168.44
43.28,75.06,3,4.51,11.02,Weekday,174.97
34.49,45.6,4,3.5,4.05,Weekday,132.4
33.23,55.89,2,8.35,14.59,Weekday,160.22
30.38,89.66,2,2.49,14.34,Weekday,131.36
21.92,44.9,7,10.67,19.37,Weekday,197.54
20.3,54.9,7,9.69,6.7,Weekday,172.78
21.61,21.03,3,1.39,15.37,Weekday,104.8
20.59,26.12,4,0.58,9.25,Weekday,110.79
38.39,39.39,4,9.92,11.61,Weekend,196.74
25.5,22.09,7,4.71,16.51,Weekday,163.25
16.74,67.35,1,1.38,5.22,Weekend,76.28
44.07,51.98,5,12.15,7.51,Weekday,184.02
41.51,61.11,2,5.02,15.69,Weekend,162.58
42.83,33.1,1,7.35,11.84,Weekday,145.06
44.85,42.19,2,3.79,2.76,Weekday,121.05
20.22,69.79,1,10.04,9.17,Weekend,135.39
26.89,92.4,7,4.82,12.15,Weekend,188.04
37.75,23.78,7,15.49,18.28,Weekend,260.51
35.88,86.78,5,11.25,4.58,Weekend,196.84
19.62,63.27,1,2.19,16.31,Weekday,91.75
39.47,62.29,2,6.67,3.48,Weekday,137.42
21.73,57.52,4,6.17,5.6,Weekday,133.34
21.71,25.2,2,8.55,5.62,Weekend,117.83
31.11,26.74,6,13.47,17.67,Weekday,218.37
32.79,65.07,7,9.33,4.78,Weekend,187.95
32.4,45.57,3,0.98,15.95,Weekday,144.74
17.74,88.8,3,10.49,9.77,Weekday,153.24
41.32,50.49,7,0.13,19.98,Weekday,192.26
22.97,30.75,6,12.48,16.94,Weekday,193.2
18.89,73.6,3,10.67,15.05,Weekend,160.07
41.66,42,7,4.94,17.54,Weekday,203.96
43.67,59.41,3,4.68,13.05,Weekend,177.54
40.86,72.34,7,12.77,17.03,Weekend,239.99
39.29,87.52,5,12.53,5.96,Weekday,207.12
34.66,79.41,4,5.64,2.86,Weekend,164.58
31.53,70.73,4,4.78,12.7,Weekday,162.91
17.61,70.97,2,8.96,9.26,Weekday,140.6
27.25,90.94,6,0.13,9.1,Weekday,148.23
26.18,42.19,7,1.32,11.01,Weekday,138.77
22.79,20.08,1,2.02,7.87,Weekday,87.77
36.7,40.4,2,2.97,12.9,Weekend,131.77
29.88,36.34,2,8.19,1.58,Weekday,119.36
17.43,69.64,7,15.88,19.43,Weekday,220.24
21.61,67.53,7,10.44,18.57,Weekday,197.56
35.5,64.51,2,0.98,18.77,Weekday,163.99
17.28,21.22,2,8.41,7.94,Weekend,113.19
40.54,74.66,4,7.95,11.11,Weekend,207.03
29.85,44.26,1,2.31,19.13,Weekday,130.23
29.42,69.88,2,14.72,18.14,Weekend,194.53
32.77,61.74,4,7.05,16.01,Weekday,173.2
39.74,45.7,2,15.91,8.74,Weekday,191.77
25.43,30.09,3,6.72,11.72,Weekday,132.11
35.34,27.08,2,9.73,16.07,Weekday,164.66
31.97,82.36,7,1.68,6.19,Weekend,169
23.01,88.88,6,7.27,12.9,Weekday,180.1
41.36,68.73,6,3.82,16.73,Weekday,202.58
38.92,27.76,2,13.37,14.44,Weekday,198.53
34.75,50.15,5,12.54,10.11,Weekday,192.51
40.52,74.67,3,13.19,12.11,Weekday,214.22
41.02,78.49,1,11.58,19.78,Weekday,212.16
36.25,28.87,2,13.32,12.44,Weekend,192.58
40.11,20,1,3.21,15.93,Weekend,126.62
35.92,73.41,3,7.23,14.81,Weekday,190.19
35.4,46.74,2,11.07,14.33,Weekend,175
33.56,39.09,5,10.2,14.61,Weekday,175.44
37.58,20.97,4,11.46,9.63,Weekday,192.89
19.76,60.52,5,3.59,10.01,Weekday,136
41.43,83.84,7,1.57,9.89,Weekday,189
41.16,91.82,5,14.67,1.63,Weekend,213.57
15.88,62.43,4,8.96,5.58,Weekday,133.37
39.77,58.58,7,2.46,3.94,Weekend,168.79
18.87,26.38,4,12.69,17.84,Weekday,165.26
25.05,61.17,6,14.64,6.22,Weekday,191.2
37.31,48.5,4,2.71,3.63,Weekend,139.8
19.82,65.54,2,13.08,3.28,Weekday,126.83
39.54,49.15,1,14.93,14.3,Weekday,193.01
39.96,38.02,6,15.01,1.12,Weekday,187.06
30.22,27.12,6,14.63,9.95,Weekday,213.62
15.19,43.62,1,8.74,3.26,Weekend,99.12
23.61,27.25,6,5.7,17.14,Weekday,153.47
33.51,33.27,4,0.12,19.21,Weekday,149.19
44.44,94.05,5,0.97,19.22,Weekend,193.89
33.95,53.31,3,6.86,9.4,Weekday,152.43
22.79,59.89,4,6.39,13.25,Weekday,152.53
34.02,85.52,7,2.96,12.39,Weekday,175.33
31.2,94.67,7,6.33,7.65,Weekday,201.46
38.4,63.7,5,2.79,9.44,Weekday,177.92
18.21,80.94,5,13.58,2.22,Weekday,158.86
37.83,44.52,6,4.77,16.12,Weekend,182.4
31.24,42.93,2,9.58,5.58,Weekday,136.23
43.89,50.2,2,8.05,9.75,Weekday,163.9
25.26,70.44,6,0.83,10.13,Weekday,149.5
33.98,71.16,6,15.08,11.65,Weekday,219.89
42.96,43.64,1,8.44,16.54,Weekend,168.48
18.08,29.99,1,5.2,14.15,Weekday,104.87
43.12,67.43,3,2.53,13.6,Weekday,151.21
35.64,29.62,3,5.42,11.01,Weekday,154.17
17.04,63.39,3,0.33,2.82,Weekday,86.17
24.03,72.01,3,5.82,8.64,Weekday,129.24
36.25,72.55,5,8.5,19.19,Weekday,203.56
17.02,76.51,5,13.95,19.92,Weekday,202.17
32.47,85.46,1,11,14.88,Weekday,165.48
25.38,57.5,2,1.79,5.32,Weekday,92.37
33.63,74.77,6,2.36,2.94,Weekday,146.25
16.37,66.44,7,6.85,8.88,Weekday,145.21
41.15,34,2,3.13,17.27,Weekend,153.72
44.2,21.93,4,0.45,14.72,Weekday,143.94
44.07,41.34,5,12.88,17.79,Weekend,245.24
37.49,53.23,3,0.31,12.7,Weekday,133.57
18.9,66.28,3,13.29,3.48,Weekend,142.79
37.75,83.75,4,2.31,3.18,Weekday,147.84
15.74,34.72,2,15.59,1.91,Weekday,124.1
15.66,29.42,3,9.66,11.77,Weekday,121.58
24.71,92.26,2,11.76,5.61,Weekday,160.52
29.66,28.1,6,1.77,14.95,Weekday,148.08
38.11,55.89,4,13.79,14.04,Weekday,217.05
35.5,63.92,7,13.43,7.04,Weekday,214.87
28.38,60.6,2,10.45,4.36,Weekday,142.9
23.21,26.45,6,8.04,2.95,Weekday,144.86
44.91,24.28,2,11.54,15.01,Weekday,184.02
27.79,27.91,2,0.09,9.56,Weekday,89.36
28.54,63.92,3,9.48,7.15,Weekday,162.54
19.91,60.83,1,13.56,17.28,Weekday,165.74
38.84,37.53,5,5.71,12.28,Weekday,173.35
35.81,67.83,2,1.73,10.84,Weekday,138.82
21.62,81.51,2,6.73,15.12,Weekday,147.27
17.47,23.12,2,11.63,16.5,Weekend,155.57
35.41,57.36,1,1.72,14.04,Weekday,118.42
34.64,71.7,6,3.3,9.36,Weekend,171.77
23.2,38.92,7,2.36,8.21,Weekday,147.15
43.53,43.08,7,12.75,15.66,Weekend,257.53
19.53,66.02,4,1.01,10.84,Weekend,116.05
27.97,87.35,3,10.99,14.38,Weekday,182.9
43.31,80.74,1,5.86,17.92,Weekday,176.14
27.59,63.73,6,12.09,18.4,Weekday,201.73
34.16,74.77,2,15.43,6.28,Weekday,180.85
26.93,47.36,6,1.83,4.57,Weekend,121.35
23.23,68.07,1,5.03,5.96,Weekend,109.65
44.52,54.96,1,12.96,15.28,Weekend,193.26
27.28,34.25,1,4.26,8.03,Weekend,110.57
41.82,72.63,4,3.44,4.29,Weekend,156.53
21.9,61.73,5,13.21,2.87,Weekday,161.07
21.39,46.9,3,15.79,7.22,Weekday,175.96
15.93,88.35,4,8.91,3.59,Weekday,135.74
34.55,21.57,4,4.45,3.97,Weekday,144.44
26.06,43.68,5,6.38,13.99,Weekday,163.06
40.93,24.27,4,2.72,1.37,Weekday,134.75
29.2,77.49,1,12.19,3.23,Weekday,138.81
44.05,72.66,1,12.38,17.04,Weekday,196.72
20.57,44.85,6,14,17.05,Weekend,204.14
41.06,70.67,2,0.43,7.26,Weekday,138.69
38.3,49.7,4,8.99,2.67,Weekday,159.28
38.13,76.72,2,3.43,14.39,Weekend,148.29
40.34,54.06,3,5.45,7.84,Weekday,157.82
37.83,50.92,7,12.56,1.86,Weekday,200.5
33.79,90.1,1,3.07,4,Weekday,114.06
18.94,38.82,6,10.21,3.61,Weekday,144.64
15.98,29.03,3,10.47,12.19,Weekend,133.45
42.63,63.84,6,15.27,18.06,Weekday,259.71
33.5,92.7,7,12.4,16.07,Weekday,235.46
38.9,48.34,7,12.86,11.38,Weekday,225.34
29.45,24.65,5,8.51,9.02,Weekend,158.75
18.52,45.45,1,2.99,12.75,Weekday,107.17
18.76,57.94,3,6.81,9.43,Weekend,133.3
35.57,32.14,5,8.79,5.68,Weekday,148.58
27.91,69.36,7,10.85,13.9,Weekend,215.16
21.02,94.83,3,9.72,17.59,Weekend,175.62
29.75,53.88,6,6.3,8.08,Weekend,167.55
16.93,46.6,5,4.25,16.99,Weekday,148.88
32.46,50.05,5,2.69,9.19,Weekend,151.48
23.07,28.64,1,11.1,8.63,Weekday,140.75
38.93,86.25,2,10.33,1.54,Weekend,167.64
24.31,51.11,6,11,14.21,Weekday,184.11
28.66,49.05,6,5.96,16.34,Weekday,162.56
15.35,69.48,5,4.2,13.61,Weekday,131.56
17.17,53.15,5,12.16,3.88,Weekday,147.51
26.77,68.62,1,12.38,2.96,Weekday,150.73
29.4,24.61,2,7.29,11.88,Weekday,131.56
33,81.03,6,9.79,8.63,Weekday,207.89
23.75,90.54,7,5.98,9.15,Weekend,168.75
35.85,68.66,4,11.23,19.39,Weekday,204.14
40.8,91.59,4,13.37,14.75,Weekday,234.57
38.4,31.36,2,11.01,8.82,Weekend,163.72
16.19,55.81,3,8.2,1.36,Weekday,118.58
29.42,65.14,1,7.34,1.65,Weekday,110.53
18.15,63.63,2,10.28,14.01,Weekday,139.02
22.26,50.11,4,10.88,16.92,Weekday,178.4
44.6,45.36,5,8.94,14.45,Weekday,199.4
19.27,29.51,4,10,8.71,Weekday,137.52
29.97,49.38,5,1.55,1.59,Weekend,127.37
33.54,32.2,1,15.23,19.38,Weekday,187.18
36.07,75.08,5,12.65,19.74,Weekday,223.32
31.79,35.66,2,5.98,11.44,Weekend,131.35
15.29,24.39,5,9.01,2.34,Weekday,132.12
24.79,61.43,3,0.76,11.28,Weekday,128.37
30.53,64.64,2,0.66,17.95,Weekend,140.45
17.64,85.39,1,4.01,13.92,Weekday,112.19
25.52,63.27,2,11.04,14.68,Weekend,166.45
16,45.91,3,13.63,2.61,Weekday,140.33
17.36,80.23,1,8.95,3.02,Weekend,123.48
26.91,60.52,4,8.51,3.42,Weekday,140.11
18.98,25.95,3,6.44,18.18,Weekday,143.52
32.03,62.44,1,2.59,10.99,Weekday,125.12
35.68,88.1,7,1.89,16.04,Weekend,203.93
39.02,49.72,5,12.17,3.19,Weekend,179.12
21,42.22,2,14.84,18.63,Weekday,170.88
20.02,30.76,1,7.33,16.6,Weekend,126.41
18.14,31.36,2,10.55,5.27,Weekday,113.38
34.09,52.46,5,14.63,17.61,Weekday,237.02
36.19,64.68,1,1.44,6.01,Weekday,108.97
15.95,26.05,4,12.33,4.9,Weekend,143.52
43.09,90.47,7,9.87,6.02,Weekend,224.57
16.56,76.64,7,9.58,18.29,Weekday,189.81
31.24,64,3,4.68,18.4,Weekend,160.29
36.27,82.13,1,10.94,7.25,Weekday,179.57
41.13,26.01,5,12.72,14.4,Weekday,208.97
36.42,55.76,1,1.81,13.84,Weekday,135.87
39.05,67.26,2,8.54,16.32,Weekend,185.72
25.18,82.15,6,1.62,6.63,Weekday,136.19
39.44,78.76,1,13.96,10.69,Weekday,189.84
17.4,40.78,7,8.12,13.69,Weekday,168.68
41.84,90.57,7,12.93,1.5,Weekday,216.2
31.43,29.33,7,5.89,8.16,Weekday,159.7
39.52,85.64,4,2,14.22,Weekday,172.93
28.57,92.82,1,0.66,5.8,Weekend,108.95
34.31,33.29,3,4.5,19.2,Weekday,153.02
30.79,74.15,1,3.91,1.57,Weekday,99.21
36.95,23.02,6,8.97,19.2,Weekend,211.8
17.45,50.41,7,0.35,5.12,Weekday,100.01
16.81,58.72,2,8.33,1.93,Weekend,108.51
22.41,63.55,7,6.27,6.56,Weekday,159.12
19.79,90.2,1,9.23,15.94,Weekday,161.19
41.15,70.42,4,11.24,15.3,Weekday,211.51
21.58,56.1,5,10.15,4.97,Weekend,154.84
44.28,80.73,1,15.75,4.74,Weekend,200.51
25.11,91.29,1,2.21,13.21,Weekday,113.86
20.46,21.65,3,6.88,9.7,Weekday,117.87
38.69,93.69,4,6.8,16.05,Weekday,195.89
34.76,26.46,6,6.67,1.46,Weekday,156.78
29.95,81.08,5,10.62,12.6,Weekday,188.35
31.66,41.03,7,7.84,14.88,Weekday,193.26
36.58,29.91,2,8.28,19.87,Weekday,157.46
21.85,52.99,1,6.92,13.9,Weekday,129.07
44.89,68.3,6,15.87,5.41,Weekend,235.74
44.24,48.57,5,14.84,3.06,Weekday,222.79
34.51,24.09,2,4.92,13.18,Weekday,139.3
20.99,64.96,6,1.79,10.94,Weekday,130.43
35.41,87.68,4,13.44,18.08,Weekday,213.53
17.17,48.74,4,15.95,14.81,Weekend,192.18
15.92,36.22,5,4.68,10.69,Weekday,138.47
22.73,53.19,7,5.72,8.67,Weekday,169.62
28.88,23.63,2,15.07,8.68,Weekday,152.27
41.05,81.54,4,11.38,5.3,Weekend,199.83
36.82,81.98,5,4.73,1.33,Weekday,164.09
37.28,64.1,4,9.3,11.92,Weekday,175.67
27.76,46.48,4,15.11,5.04,Weekday,183.28
25.38,79.98,6,12.99,4.96,Weekday,181.41
26.13,61.6,6,11.87,3.38,Weekday,172.65
44.63,81.94,4,11.79,4.6,Weekday,202.32
16.2,67.36,3,2.85,1.6,Weekend,103.27
41.01,78.83,6,13.19,13.81,Weekend,252.48
32.36,64.89,2,4.42,8.63,Weekday,129.99
28.16,51.06,5,14.89,11.67,Weekday,194.82
36.76,91.85,5,5.83,13.1,Weekday,184.43
29.6,60.58,7,13.72,19.48,Weekday,238.29
41.2,65.38,2,4.26,2.3,Weekday,141.97
42.02,36.54,2,8.23,8.94,Weekday,166.47
27.65,66.92,2,1.71,5.67,Weekday,108.18
23.3,62.87,7,10.56,10.06,Weekday,189.41
32.77,33.86,2,13.38,18.49,Weekday,184.18
42.37,24.47,1,11.5,14.76,Weekday,174.7
21.32,65.33,7,8.37,13.58,Weekday,188.35
33.69,77.28,5,0.72,9.38,Weekend,154.83
33.95,59.26,1,14.94,13.75,Weekday,180.56
36.99,37.01,7,11.29,1.62,Weekend,201.83
18.95,69.99,4,11.93,12.14,Weekday,162.65
36.47,26.01,4,12.71,11.52,Weekend,194.19
42.27,53.14,5,11.96,7.59,Weekday,192.64
20.39,32.25,4,7.06,4.83,Weekend,118.2
22.13,33.83,2,11.74,16.34,Weekday,154.91
44.14,35.17,7,10,2.02,Weekday,189.89
20.43,49,1,13.66,2.32,Weekday,124.24
40.63,23.84,2,12.84,9.37,Weekday,184.38
29.77,49.83,4,0.66,5.8,Weekday,115.27
22.42,58.38,6,6.06,15.16,Weekday,173.7
41.12,56.25,1,0.56,13.05,Weekday,123.86
28.36,48.71,2,1.63,15.68,Weekday,127.89
30.44,82.94,7,9.62,7.17,Weekday,186.75
25.78,30.9,5,13.98,15.07,Weekday,189.74
32.79,57.93,2,1.92,17.38,Weekday,143.99
19.91,24.65,6,7.22,7.56,Weekend,145.44
26.73,25.34,4,14.57,7.46,Weekend,182.25
44.08,63.04,1,13.03,18.1,Weekend,215.05
22.74,62.45,5,8.31,1.95,Weekend,143.9
34.7,85.85,1,12.35,7.65,Weekday,178.99
24.76,61.84,5,8.36,3.25,Weekend,156.4
38.2,91.98,7,2.53,1.55,Weekday,165.21
18.93,23.65,1,2,3.14,Weekday,66.23
44.09,27.35,4,3.01,9.19,Weekend,159.09
28.61,23.3,7,5.61,14.05,Weekday,172.29
22.08,33.9,7,14.89,6.5,Weekday,186.07
17.2,60.6,5,12.79,17.14,Weekday,187.42
20.09,68.42,3,6.92,9.31,Weekday,138.66
30.59,23.42,1,7.89,19.4,Weekday,151.67
25.11,90.95,1,4.25,19.13,Weekday,144.82
39.87,83.16,2,11.27,15.69,Weekday,197.14
27.93,42.25,5,12.84,18.72,Weekday,194.83
22.46,25.79,6,3.82,14.43,Weekday,136.09
33.51,32.74,3,0.67,18.02,Weekday,131.13
36.2,29.52,4,9.98,5.49,Weekend,164.68
20.01,29.25,2,9,7.56,Weekday,131.31
20.03,58.89,3,6.43,15.31,Weekend,155.36
16.1,38.44,5,10.3,9.07,Weekday,142.07
37.09,46.86,3,8.81,16.91,Weekday,185.27
34.91,94.21,7,4.01,17.68,Weekday,203.5
29.24,71.32,1,6.36,6.69,Weekday,127.28
40.33,91.17,7,6.85,16.65,Weekday,218.99
39.17,30.69,1,14.08,3.93,Weekday,177.67
32.56,48.66,2,15.37,7.35,Weekday,189.48
41.05,61.6,5,14.29,10.84,Weekday,218.17
21.18,25.76,5,11.51,5.3,Weekday,144.52
18.36,20.31,3,9.36,12.01,Weekend,144.07
23.09,70.28,2,11.03,12,Weekday,144.99
16.71,68.14,5,15.03,4.93,Weekend,180.76
30.94,50.81,6,4,16.12,Weekend,178.39
43.1,56.72,6,8.56,13,Weekday,198.25
16.18,51.16,7,11.03,7.04,Weekend,169.39
18.66,21.8,1,10.87,5.41,Weekend,108.7
28.57,45.15,3,4.04,17.7,Weekday,147.35
43.02,33.28,4,9.39,16.88,Weekday,199.25
24.48,27.38,1,12.73,5.37,Weekday,118.62
30.22,91.75,2,7.6,1.68,Weekday,133.14
16.25,64.95,5,12.69,16.29,Weekday,186.28
19.45,74.65,1,5.76,12.69,Weekend,130.22
44.6,43.65,4,15.02,2.92,Weekend,201.48
43.95,49.49,4,8.54,12.16,Weekday,194.82
15.15,37.77,6,9.54,9.59,Weekday,152.74
43.55,27.27,2,0.5,15.72,Weekend,143.99
34.17,33.43,1,2.72,4.97,Weekday,106.45
41.04,79.81,3,10.13,9.61,Weekday,181.12
28.64,70.82,1,6.72,3.97,Weekday,119.77
30.47,61.02,6,8.13,19.19,Weekday,187.13
29.67,55.63,7,1.01,15.8,Weekday,164.94
35.01,89.18,4,13.35,15,Weekday,226.22
19.19,25.46,2,12.55,14.11,Weekday,143.16
15.9,41.05,2,2.97,9.04,Weekday,100.77
24.24,46.25,3,10.15,18.54,Weekday,165.54
36.14,78.68,2,13.09,2.39,Weekday,160.15
21.06,94.44,6,10.25,16.26,Weekend,206.47
35.2,38.05,6,4.97,5.09,Weekday,160.04
44.1,85.57,6,10.5,7.16,Weekday,234.58
17.82,82.3,2,3.37,10.87,Weekday,103.99
35.18,36.85,2,5.09,15.87,Weekday,151.06
28.31,49.95,6,3.84,16.93,Weekend,176.62
41.04,50.73,2,8.91,12.09,Weekday,180.26
20.31,93.37,2,1.73,8.66,Weekday,111.65
35.78,33.57,4,14.93,18.98,Weekend,218.13
40.14,79.94,1,5.34,5.68,Weekday,132.19
43.34,45.06,5,3.5,16.26,Weekday,185.84
35.5,74.82,2,7.94,12.63,Weekday,168.87
29.92,51.5,5,4.43,8.16,Weekend,157.25
33.54,63.38,7,8.56,1.03,Weekday,173.83
41.07,82.45,5,5.58,9.49,Weekend,191.84
32.12,80.31,4,2.11,6.26,Weekday,124.83
15.91,84.98,2,4.25,2.98,Weekday,87.61
42.93,24.47,6,7.02,2.43,Weekend,182.01
35.69,71.9,5,0.48,7.6,Weekday,146.15
35.3,30.5,2,12.33,12.68,Weekend,180.87
21.47,51.19,3,9.95,16.91,Weekend,160.2
34.77,61.14,7,9.62,4.49,Weekend,189.29
26.82,50.21,6,8.74,9.07,Weekday,167.21
34.54,58.97,3,9.45,8.45,Weekday,166.85
18.2,94.74,3,14.95,10.75,Weekend,186.62
34.74,30.14,5,0.14,16.38,Weekday,146.23
44.98,70.66,3,0.76,11.52,Weekday,141.67
16.45,49.7,4,3.06,17.09,Weekday,131.1
44.32,29.98,4,2.68,10.85,Weekday,158.82
27.21,31.91,5,2.9,12.47,Weekday,142.86
41.12,91.2,2,10.75,9.31,Weekday,193.09
38.47,85.97,1,7.35,16.64,Weekday,178.95
32.01,88.03,2,15.87,18.55,Weekday,223.14
37.15,94.36,2,3.63,13.14,Weekday,156.67
41.36,35.62,2,4.97,16.59,Weekend,161.56
27.12,46.66,2,15.75,2.12,Weekend,167.68
24.81,70.19,6,13.31,18.22,Weekday,220.95
35.03,56.29,1,7.52,4.59,Weekday,130
39.24,51.38,6,8.87,5.87,Weekday,195.74
37.87,46.84,3,13.49,2.01,Weekday,171.95
38.93,64.53,7,7.7,19.34,Weekend,237.84
28.07,63.17,2,3.3,17.19,Weekend,156.95
39.54,32.11,7,13.26,18.35,Weekend,262.94
18.61,55.38,4,8.6,17.1,Weekday,158.94
31.33,61.51,5,2.45,10.11,Weekday,159.44
15.17,62.77,5,8.09,18.56,Weekday,170.2
24.74,35.76,6,6.61,19.42,Weekday,183.31
25.99,75.67,6,14.03,10.55,Weekday,207.23
26.89,21.89,4,2.02,4.34,Weekday,113.19
35.86,46.61,2,14,13.51,Weekday,176.29
26.66,78.52,7,8.2,19.53,Weekday,207.16
28.46,62.29,7,6.47,17.57,Weekday,188.46
22.13,39.59,1,2.59,17.37,Weekday,103.69
26.2,72.12,3,11.21,18.74,Weekend,178
21.82,62.55,5,14.83,17.99,Weekday,200.12
17.2,79.72,3,6.01,15.75,Weekday,139.15
33.1,75.13,1,3.87,14.65,Weekday,141.22
35.05,65.76,6,8.88,6.03,Weekend,188.93
33.58,56.61,7,12.74,12.81,Weekday,227.35
28.9,29.99,5,0.06,10.91,Weekend,123.13
26.39,39.6,3,10.1,17.38,Weekday,151.53
40.9,51.43,6,9.54,10.34,Weekend,212
30.57,64.95,1,5.09,3.43,Weekday,112.59
29.38,58.53,3,7.22,1.09,Weekday,128.8
15.77,41.61,7,3.95,13.88,Weekday,139.48
25.24,20.48,2,12.64,11.45,Weekday,156.9
26.41,57.22,6,10.15,7.29,Weekend,176.06
26.96,41.42,1,8.52,4.21,Weekday,109.51
32.41,75.1,3,6.28,9.87,Weekday,168.22
31.01,21.8,7,4.66,2.91,Weekend,156.26
33.24,63.86,2,13.16,7.39,Weekday,170.15
37.95,90.61,2,7.22,8.21,Weekend,147.51
39.39,33.08,1,8.02,9.85,Weekday,144.71
36.54,55.37,4,8.33,9.87,Weekend,178.42
43.67,26.86,7,7.17,5.88,Weekday,199.59
15.55,66.93,7,4.1,17.15,Weekday,146.24
20.87,61.29,5,1.93,7.76,Weekday,134.17
15.23,50.55,1,1.58,5.36,Weekday,72.96
34.42,59.1,2,12.12,4.34,Weekday,150.12
41.94,87.24,2,3.58,7.13,Weekday,156.82
22.3,34.72,1,0.89,2.28,Weekend,70.65
42.81,21.69,4,12.76,1.63,Weekend,168.27
16.81,84.62,5,2.46,12.5,Weekend,135.67
43.03,63.28,3,10,12.76,Weekend,200.57
25.55,86.8,1,5.42,11.06,Weekend,134.24
18.04,64.77,5,2.02,15.48,Weekend,145.23
29.58,80.76,7,6.63,1.74,Weekend,180.92
22.7,52.23,5,0.24,18.78,Weekday,130.13
23.55,76.24,6,13.46,2.81,Weekend,184.82
24.22,88.48,2,8.22,13.81,Weekend,153.6
39.09,62.91,3,2.23,3.53,Weekend,126.04
31.17,33.56,1,3.79,17.72,Weekday,129.81
24.34,40.16,2,7.17,10.7,Weekday,131.11
33.31,34.9,6,3.02,2.56,Weekend,146.59
36.48,38.51,6,4.3,12.72,Weekend,174.38
23.18,42.98,2,8.55,1.17,Weekday,103.61
27.41,61.64,4,13.32,15.74,Weekday,189.25
18.66,64.1,5,6.43,13.36,Weekday,136.12
20.43,51.99,1,11.47,5.04,Weekday,113.57
35.43,66.16,1,14.03,8.12,Weekday,163.79
20.44,26.12,1,3.46,1.15,Weekday,77.5
30.75,26.58,2,12.92,14.18,Weekend,180.4
36.27,32.89,7,12.12,7.13,Weekday,218.41
18.21,58.86,4,5.71,11.86,Weekday,136.14
32.02,36.05,3,15.83,19.18,Weekend,207.02
22.7,41.25,6,4.2,6.69,Weekday,134.95
43.89,50.02,2,4.08,19.81,Weekday,170.59
29.51,80.89,7,12.36,13.02,Weekday,212.58
39.18,21.04,3,6.95,5.6,Weekday,147.01
31.51,68.7,6,5.29,9.3,Weekend,176.14
16.3,70.17,6,2.86,15.07,Weekend,148.75
33.99,79.9,4,12.25,9.48,Weekday,190.77
43.54,89.96,5,12.58,2.3,Weekday,212.1
33.05,21.51,1,9.07,4.2,Weekday,119.55
39.58,31.53,3,15.32,16.03,Weekend,210.67
41.53,86.46,2,5.09,13.32,Weekend,177.7
21.84,54.39,3,3.51,11.83,Weekday,129.56
21.36,62.34,5,10.84,4.18,Weekday,162.5
33.33,69.73,1,12.13,16.92,Weekend,183.66
27.33,70.93,3,3.6,19.25,Weekend,147.91
40.2,89.88,5,1.23,1.78,Weekday,146.43
42,94.77,2,12.97,2.48,Weekend,189.44
25.6,74.01,4,15.62,17.81,Weekday,200.86
22.11,41.54,7,10.31,16.5,Weekday,188.5
38.42,85.98,6,4.45,12.74,Weekday,200.64
23.24,23.69,2,15.95,18.95,Weekday,179.59
39.68,37.33,1,14.29,13.28,Weekday,179.83
27.71,87.3,6,8.21,5.1,Weekday,172.5
35.03,39.21,7,13.21,14.84,Weekday,223.56
17.87,36.55,2,13.05,13.27,Weekday,144.07
33.72,30.36,2,14.96,19.73,Weekday,202.68
28.55,84.43,2,13.45,5.06,Weekday,149.79
32.6,57.5,2,10.3,12.36,Weekend,174.24
20.04,70.62,6,9.75,15.82,Weekday,179.35
37.11,37.93,1,7.48,7.44,Weekday,144.56
40.88,76.85,7,10.02,8.21,Weekend,210.63
21.5,77,5,12.72,17.87,Weekday,205.88
17.87,43.44,3,15.5,8.68,Weekday,151.75
15.71,50.8,4,7.48,12.87,Weekday,140.05
34.26,35.73,7,9.18,17.9,Weekend,210.34
33.21,93.24,3,7.12,4.99,Weekend,168.77
31.4,68.42,3,10.7,19.66,Weekday,190.89
21.96,90.09,4,10.08,14.34,Weekday,169.66
26.73,42.75,7,0.29,10.43,Weekday,152.35
32.83,78.64,6,8.66,9.19,Weekend,192.63
29.9,77.44,1,1.42,19.13,Weekday,137.69
44.63,71.87,4,0.42,4.91,Weekend,159.11
19.09,92.42,1,12.66,6.92,Weekday,135.25
35.85,49.52,6,4.14,6.85,Weekday,164.46
27.13,29.8,3,5.45,6.49,Weekend,130.04
27.85,70.38,1,1.03,9.9,Weekend,98.26
36.53,74.7,6,2.87,19.79,Weekday,195.22
35.77,63.13,6,12.25,17.89,Weekday,222.97
44.74,35.51,5,7.9,7.23,Weekday,195.59
18.85,57.83,4,14.09,9.03,Weekday,173.5
18.12,43.41,5,6.36,13.72,Weekday,147.94
36.73,52.06,3,4.3,1.33,Weekday,111.67
32.35,68.39,4,5.56,16.58,Weekday,175.82
23.22,75.89,3,11.4,17.72,Weekday,172.78
17.38,37.42,5,8.88,17.29,Weekday,167.49
17.57,50.4,7,14.47,8.13,Weekday,184.45
41.83,40.19,6,9.63,9.78,Weekday,196.06
20.76,34.9,3,7.89,1.24,Weekend,111.55
24.7,78.75,4,12.57,8.59,Weekday,172.6
21.8,88.19,4,15.16,9.75,Weekday,176.59
25.65,47.77,3,5.69,18.23,Weekday,140.5
17.08,76.35,4,4,17.99,Weekday,140.53
30.57,87.27,6,9.86,19.36,Weekday,228.6
17.03,83.46,7,7.98,17.82,Weekday,192.52
39.01,33.71,6,15.83,1.16,Weekday,208.53
22.01,91.72,4,7.4,13.19,Weekend,176.02
31.2,48.25,3,1.19,2.3,Weekend,112.29
41.4,45.44,5,15.64,6.18,Weekday,208.47
34.53,24.68,4,13.5,11.99,Weekday,185.38
30.99,56.46,4,2.85,14.31,Weekday,142.43
24.73,28.18,4,14.47,13.44,Weekday,186.15
24.99,38.64,4,5.45,1.93,Weekday,109.86
35.08,43.77,3,6.03,2.97,Weekday,150.69
44.82,80.66,5,14.5,3.44,Weekday,210.49
34.86,85.66,5,8.48,2.74,Weekend,187.41
31.73,42.68,1,2.2,4.39,Weekday,107.32
36.92,84.4,4,5.9,14.08,Weekday,186.32
28.96,84.29,4,11.55,16.79,Weekend,216.29
16.8,77.35,1,2.79,8.77,Weekday,91.71
31.87,31,5,9.44,14.16,Weekday,181.35
43.73,71.77,2,11.12,4.8,Weekday,178.66
20.26,90.88,6,5.5,19.49,Weekday,184.09
35.7,71.19,2,11.1,7.65,Weekday,153.85
21.03,44.87,5,14.15,17.07,Weekday,191.68
31.07,57.54,7,7.55,18.96,Weekday,211.77
17.9,68.43,4,6.13,17.43,Weekday,147.69
28.51,58.29,2,4.02,2.27,Weekend,128.57
37.68,29,3,9.67,13.36,Weekday,174.44
25.43,43.4,3,14.08,3.28,Weekday,157.48
34.95,80.18,1,5.19,1.11,Weekend,138.18
38.86,84.61,5,6.34,1.98,Weekday,169.27
42.82,30.3,5,6.51,18.41,Weekday,208.21
22.04,91.43,2,8.97,18.26,Weekday,168.32
26.98,44.66,4,3.65,5.29,Weekday,126.73
19.57,69.67,5,13.16,11.39,Weekday,173.29
44.77,76.39,2,4.73,19.15,Weekday,191.77
42.81,80.9,2,11.29,10.44,Weekend,191.22
31.2,90.93,6,8.21,8.48,Weekday,185.55
40.26,43.47,6,9.37,10.18,Weekday,208.17
30.63,84.39,5,2.87,16.01,Weekday,165.68
33.71,29.88,2,11.76,10.07,Weekday,163.49
17.67,72.88,1,3.02,15.88,Weekday,109.77
37.66,75.65,1,1.82,9.2,Weekday,126.74
18.83,70.83,6,8.75,5.79,Weekday,154.04
39.78,38.92,5,11.35,7.2,Weekday,181.91
38.46,85.48,4,0.8,2.48,Weekend,145.29
36.26,32.66,7,1.11,10.45,Weekend,169.13
16.08,24.02,1,12.84,3.81,Weekday,105.69
24.09,73.81,1,12.94,16.42,Weekend,169.35
22.89,55.66,6,3.92,8.99,Weekday,150.65
25.8,83.68,6,9.84,15.54,Weekend,200.92
17.63,48.75,5,7.09,19.13,Weekday,161.11
43.11,32.62,6,10.12,17.14,Weekday,211.59
31.61,82.73,3,13.81,19.08,Weekend,214.32
24.17,61.17,7,1.28,11.79,Weekday,142.53
26.91,34.19,2,12.45,4.14,Weekend,139.98
28.42,74.03,1,7.89,18.77,Weekday,152.04
33.02,58.33,3,9.03,17.5,Weekday,186.96
30.47,65.32,4,10.46,17.42,Weekday,181.22
42.58,54.57,3,14.76,14.17,Weekend,221.76
29.91,82.15,5,0.91,12.87,Weekday,149.1
44.76,82.22,4,0.47,1.28,Weekday,153.35
40.54,73.2,4,2.85,15.21,Weekend,184.48
21.26,27.91,6,15.78,2.74,Weekend,166.76
42.92,82.91,3,11.44,5.94,Weekend,191.19
18.49,70.33,5,9.83,11.48,Weekday,163.78
39.52,72.28,1,0.75,9.58,Weekend,125.81
26.42,47.22,7,14.07,1.3,Weekend,196.14
41.34,85.95,6,13,16.66,Weekend,249.72
41.04,74.4,3,10.64,17.7,Weekday,205.45
39.18,28.44,1,5.43,13.96,Weekday,150.02
38.7,50.58,3,1.13,11.28,Weekday,129.31
24.14,86.48,6,9.28,19.25,Weekday,199.39
17.43,23.54,1,11.52,3.28,Weekday,107.45
27.09,92.11,6,1.51,15.02,Weekday,163.09
20.21,70.94,3,10.14,3.44,Weekday,110.01
35.85,67.35,4,4.58,8.26,Weekday,158.22
25.38,40.29,7,12.23,12.12,Weekday,199.5
44.27,38.66,2,8.63,15,Weekday,171.04
34.23,90.65,7,2.06,1.07,Weekend,143.99
39.67,42.37,4,8.42,5.95,Weekday,161.71
18.98,78.16,6,6.33,11.23,Weekday,157.17
40.86,49.48,7,2.89,11.12,Weekday,180.97
42.68,30.44,6,13.46,13.11,Weekday,207.67
29.61,20.8,6,0.18,6.77,Weekend,129.86
33.19,60.82,1,4.99,11.27,Weekday,141.48
37.94,93.18,5,0.2,4.61,Weekday,154.95
20.25,47.69,6,1.54,4.55,Weekday,125.45
30.08,46.79,7,4.75,11.95,Weekend,167.16
26.96,45.81,7,0.87,14.02,Weekday,160.06
19.39,59.04,7,9.55,3.29,Weekday,151.34
26.03,53.05,4,1.39,3.33,Weekday,114.66
17.05,85.99,2,11.23,11.74,Weekday,142.93
15.77,57.91,6,0.84,6.13,Weekday,113.86
19.05,58.08,6,0.95,8.46,Weekday,134.88
43.89,30.38,6,4.89,8.61,Weekday,184.52
31.49,93.71,1,14.35,4.39,Weekday,159.62
43.97,38.75,6,10.26,1.02,Weekday,178.1
27.97,25.5,4,12.32,17.21,Weekday,189.53
24.35,69.74,3,2.26,14.59,Weekday,141.59
30.18,64.65,5,13.35,14.12,Weekday,208.29
28.19,51.14,7,0.13,11.38,Weekday,143.62
18.17,51.66,6,3.41,14.32,Weekend,148.38
34.22,78.88,1,9.86,18.78,Weekday,182.4
21.48,34.68,4,6,13.65,Weekday,137.4
33.59,81.52,6,15.75,6.04,Weekday,209.69
34.51,68.66,1,0.49,11.84,Weekday,127.45
19.56,51.42,3,15.98,9.4,Weekday,182.25
16.84,54.35,2,9.98,11.57,Weekday,144.39
38.42,39.25,6,8.94,10.83,Weekday,175.63
28.79,76.41,4,0.95,17.32,Weekend,163.38
16.74,58.47,1,4.37,13.38,Weekday,109.43
44.85,44.06,1,14.79,4.59,Weekday,173.35
16.73,64.7,6,5.67,2.2,Weekend,117.17
35.85,94.68,1,10.59,9.06,Weekday,167.6
44.51,52.64,2,15.99,1.3,Weekend,194.64
22.18,89.05,1,4.21,7.05,Weekday,100.22
19.27,45.88,7,9.22,7.99,Weekday,173.36
18.64,24.1,5,11.14,8.14,Weekday,158.49
24.1,35.32,7,2.63,19.61,Weekend,173.71
18.03,51.4,5,2.38,6.77,Weekend,107.5
35.76,36.47,1,7.3,6.04,Weekday,127.36
16.87,20.02,6,6.17,3.46,Weekday,125.55
30.28,88.63,5,11.43,10.71,Weekday,201.34
44.9,83.29,4,1.11,3.92,Weekday,145.84
39.42,75.67,5,15.55,12.71,Weekend,232.19
33.46,32.59,7,0.23,3.95,Weekday,129.91
24.19,29.03,1,9.62,11.96,Weekday,127.58
33.72,25.07,6,9,16.7,Weekend,194.57
30.81,74.3,3,2.16,1.81,Weekend,115.08
27.78,89.66,6,2.41,8.98,Weekday,154.42
18.92,52.29,6,12.68,9.76,Weekday,176.61
41.6,28.94,6,14.2,16.03,Weekend,244.43
28.49,58.43,4,4.53,9.89,Weekday,128.7
20.84,46.16,2,7.01,11.78,Weekday,134.57
26.03,48.11,7,5.68,16.03,Weekday,172.15
27.42,66.6,1,1.16,11.64,Weekend,128.05
39.83,73.9,2,10.77,7.81,Weekday,180.89
37.01,28.3,3,13.2,2.63,Weekday,168.68
38.08,22.67,2,4.88,14.87,Weekday,145.17
15.33,94.57,1,15.84,17.55,Weekend,195.38
27.48,37.45,7,1.21,19.43,Weekend,169.67
29.44,24.04,7,10.59,18.61,Weekend,221.88
15.58,34.24,1,7.17,16.15,Weekday,109.52
22.79,22.92,3,7.15,13.23,Weekend,143.89
37.81,49.39,1,7.32,15.85,Weekend,178.87
19.11,80.18,3,4.14,9.21,Weekend,119.56
31.06,45.59,3,11.45,12.3,Weekend,181.1
21.46,53.31,1,11.55,7.63,Weekday,125.69
15.36,70.67,5,4.52,7.21,Weekday,128.48
22.24,58.17,7,13.36,15.38,Weekend,227.6
44.28,84.61,3,5.07,9.62,Weekend,170.6
39.05,84.95,1,11.6,5.03,Weekday,168.29
43.79,20.74,5,1.94,4.84,Weekday,137.72
29.64,78.35,7,2.7,17.32,Weekday,182.08
18.29,54.56,3,5.05,13.88,Weekday,131.53
31.44,94.16,7,9.5,11.37,Weekday,206.24
28.63,56.24,5,10.33,8.62,Weekend,191.44
40.33,94.02,7,6.34,9.19,Weekday,209.41
17.94,76.59,4,1.25,2.09,Weekday,86.89
29.65,38.65,6,5.98,9.64,Weekday,163.63
19.5,60.38,4,11.02,16.11,Weekday,181.95
24.74,94.41,5,10.74,8.37,Weekday,183.92
37.12,84.31,3,2.56,8.29,Weekday,147.97
29.28,27.3,1,0.12,1.3,Weekday,69.93
26.28,72.98,2,12.05,9.7,Weekday,159.97
26.83,45.92,1,1.7,1.48,Weekday,81.08
28.78,20.52,7,1.32,11.84,Weekday,126.37
38.55,50.26,2,0.04,10.63,Weekday,127.76
41.76,37.61,2,6.92,16.96,Weekday,178.89
43.66,81.42,7,8.05,12.05,Weekend,220.78
38.61,45.3,7,10.2,7.15,Weekday,202.57
24.46,82.06,3,4.74,10.81,Weekend,145.58
35.64,20.04,5,11.37,14.29,Weekday,199.25
28.13,43.09,1,2.71,2.79,Weekend,94.97
22.64,38.09,5,13.31,12.8,Weekday,184.56
40.23,37.52,4,9.15,18.42,Weekday,188.06
16.15,25.11,3,9.34,6.68,Weekday,109.24
42.05,34.03,3,3.36,12.91,Weekday,156.85
28.84,61.67,4,1.19,16.61,Weekday,142.45
34.12,41.85,1,7.44,10.72,Weekday,126.37
34.78,51.3,6,9.85,14.64,Weekend,210.31
41.85,48.27,4,1.52,6.91,Weekday,133.66
34.1,85.69,1,15.21,6.82,Weekday,200.14
33.42,87.9,2,15.69,13.68,Weekday,185.81
17,56.97,7,8.73,14.4,Weekend,180.07
30.55,44.76,3,15.2,18.8,Weekday,193.27
19.51,28.01,1,2.87,5.27,Weekday,83.36
37.12,91.51,5,0.41,9.9,Weekday,154.65
30.37,24.52,7,0.63,5.76,Weekday,141.63
35.41,42.32,5,9.4,2.52,Weekend,175.42
16.25,42.35,7,0.99,8.66,Weekend,117.91
17.54,44.03,3,15.34,8.11,Weekday,149.82
36.49,32.32,4,2.27,6.14,Weekday,128.35
17.16,78.74,6,4.88,6.64,Weekday,138.53
17.14,29.19,4,13.16,7.85,Weekday,146.52
15.36,67.62,1,3.5,19.79,Weekday,121.05
43.7,29.29,4,3.89,15.88,Weekday,173.73
37.13,25.29,3,10.28,2.36,Weekday,144.94
25.6,88.21,1,4.42,17.58,Weekend,136.78
23.9,34.26,2,3.48,13.03,Weekday,107.09
25.49,81.59,4,4.07,17.92,Weekend,167.73
38.24,60.85,4,7.85,7.49,Weekend,174.35
34.84,25.84,6,15.46,9.83,Weekend,231.28
20.56,91.66,1,13.32,18.03,Weekday,172.08
20.22,38.52,5,4.55,6.18,Weekend,128.55
17.95,84.47,4,5.81,18.39,Weekend,146.88
34.81,32.66,3,7.43,16.74,Weekday,156.03
37.93,84.05,4,15.66,19.63,Weekday,230.19
22.95,20.99,6,2.76,7.16,Weekday,119.51
15.63,58.38,2,5.72,5.48,Weekend,92.58
17.47,77.71,6,11.67,7.29,Weekend,167.06
44.04,90.11,4,15.42,19.14,Weekend,260.13
23.86,88.19,5,2.49,7.33,Weekend,134.86
38.08,81.47,7,3.64,11.74,Weekday,190.85
33.74,86.61,4,3.61,8.67,Weekday,158.78
26.46,34.94,1,0.33,8.53,Weekday,93.95
21.17,41.31,4,9.67,4.67,Weekday,138.62
18.64,41.67,5,10.73,11.2,Weekday,161.82
33.45,48.28,1,9.64,17.14,Weekend,176.6
38.24,49.5,3,1.14,1.94,Weekend,125.4
34.32,60.84,1,1.11,17.9,Weekday,140.66
30.91,31.99,6,3.37,13.64,Weekday,141.25
16.26,71.84,2,4.64,12.72,Weekday,115.03
44.05,32.57,6,12.58,12.89,Weekday,222.51
38.96,43.27,7,2.55,6.63,Weekday,164.23
23.78,57.75,1,0.71,8.89,Weekday,91.85
44.4,79.73,3,6.3,16.19,Weekend,193.55
33.06,75.46,4,6.66,6.82,Weekend,170.44
32.47,68.42,1,7.21,9.93,Weekend,142
37.44,31.68,6,13.23,1.37,Weekday,185.72
39.35,61.03,1,1.57,14.94,Weekday,148.62
34.69,26.56,1,11.26,8.94,Weekday,159.2
18.84,48.3,1,5.41,10.98,Weekend,111.16
25.15,51.01,3,4.96,3.18,Weekend,113.79
42.84,22.99,5,14.92,19.84,Weekday,221.73
21.74,40.55,5,3.98,6.75,Weekend,127.98
26.17,91.67,1,10.28,13.06,Weekday,161.67
27.96,91.52,3,4.4,12.04,Weekday,142.32
28.18,46.42,3,8.11,15.92,Weekend,165.23
33.39,23.23,7,12.58,6.58,Weekend,196.38
43.29,33.43,1,14.11,15.36,Weekday,179.46
22.22,49.42,6,13.42,8.27,Weekday,182.33
18.65,91.08,6,9.31,8.81,Weekday,173.67
20.92,30.59,2,3.98,13.78,Weekday,112.35
41.61,77.26,1,10.58,15.9,Weekend,206.56
34.37,28.15,2,11.36,13.67,Weekday,164.93
23.58,93.59,6,0.17,18.1,Weekday,155.89
39.48,48.62,6,7.03,6.42,Weekday,196.72
40.84,78.14,1,13.49,18.11,Weekend,200.53
40.4,45.69,2,7.83,3.49,Weekend,145.38
42.57,67.08,2,4.98,13.53,Weekend,172.82
22.57,34.4,1,13.95,11.4,Weekday,155.8
37.65,30.95,7,2.49,10.4,Weekend,179.64
28.82,90.35,2,3.3,6.91,Weekday,116.72
40.26,88.82,7,11,10.57,Weekday,240.88
36.85,86.56,4,5.64,4.07,Weekend,167.36
38.29,66.91,6,11.41,8.02,Weekday,199.42
34.68,80.62,5,2.52,2.87,Weekday,138.42
20.32,25.18,7,4.04,11.87,Weekday,144.97
31.35,45.11,7,2.51,2.82,Weekday,160.66
44.54,43.53,7,15.25,4.05,Weekday,228.44
43.12,67.67,3,6.49,2.62,Weekend,179.03
16.3,46.7,2,5.4,8.24,Weekday,108.78
19.94,31.14,2,0.23,17,Weekday,89.56
18.95,64.74,3,2.45,18.23,Weekend,144.95
36.78,81.08,2,6.74,2.37,Weekend,139.5
39.53,48.66,3,1.1,13.06,Weekday,138.49
21.41,29.92,7,8.17,14,Weekday,173.29
30.18,34.75,1,7.28,11.14,Weekday,129.79
40.22,37.81,4,12.27,13.67,Weekday,208.2
36.98,42.49,7,10.56,5.44,Weekday,198.81
31.27,68.21,4,7.14,10.3,Weekday,162.58
32.71,65.07,6,3.59,8.43,Weekday,174.71
30.25,72.21,7,11.63,2.7,Weekday,186.6
23.93,47.19,5,11.33,12.89,Weekday,168.54
31.95,81.8,2,2.45,10.41,Weekday,135.69
35.67,35.31,5,14.64,6.23,Weekday,194.21
41.2,55.18,1,1.03,10,Weekday,127.31
34.09,80.07,4,0.88,15.73,Weekday,161.86
37.83,33.51,7,3,16.23,Weekday,181.87
19.8,28.24,1,14.55,13.34,Weekday,161.82
28.85,86.28,1,8.32,9.89,Weekend,152.12
15.28,45.72,2,12.61,11.94,Weekday,136.61
22.4,71.29,1,3.65,8.32,Weekday,109.12
36.79,21.9,7,7.84,3.4,Weekday,170.9
44.75,71.75,7,5.73,8.33,Weekday,203.11
17.98,43.71,4,13.25,11.08,Weekend,157.59
27.04,24.18,7,0.36,12.38,Weekday,132.85
39,65.74,5,3.9,18.78,Weekday,197.29
21.12,38.06,4,2.44,15.77,Weekday,117.24
31.65,49.01,2,13.75,3.89,Weekend,162.11
36.99,26.04,4,7.48,4.31,Weekend,157.15
33.48,31.04,3,6.47,2.91,Weekday,140.38
20.64,42.35,5,7.19,15.03,Weekday,151.43
25.66,26.73,3,15.55,14.42,Weekend,190.98
38.51,88.31,3,13.6,19.74,Weekend,228.5
31.63,20.45,6,11.3,10.92,Weekday,168.5
15.16,56.29,7,4.65,16.7,Weekday,158.2
37.83,29.24,2,2.64,11.95,Weekday,130.52
16.06,43.08,1,14.74,17.61,Weekday,158.31
37.37,89.45,3,6.77,14.7,Weekday,175.76
21.07,32.13,4,4.46,13.21,Weekday,124.43
43.74,92.44,1,7.53,11.74,Weekend,188.8
26.04,35.43,4,14.69,14.74,Weekday,185.32
24.81,75.62,4,6.19,8.97,Weekend,136.64
19.47,61,1,9,2.83,Weekday,112.01
24.17,86.34,1,12.85,1.76,Weekend,150.99
41.3,61.55,7,6.83,10.1,Weekday,208.61
44.89,60.09,4,3.74,12.39,Weekday,169.97
26.05,34.66,2,15.91,2.5,Weekday,150.39
28.46,32.47,7,15.31,6.45,Weekday,204.28
36.66,88.74,5,13.5,7.12,Weekend,221.72
41.59,44.59,6,11.01,11.69,Weekday,215.54
32.79,47.91,5,4.72,6.29,Weekday,154.67
26.75,76.99,2,14.61,2.82,Weekday,153.35
27.38,45.41,7,4.41,4.13,Weekend,134.52
35.87,91.4,6,12.81,4.31,Weekday,215.54
15.1,75.34,7,14.69,17.01,Weekday,201.75
33.59,64.81,1,9.65,6.4,Weekday,144.03
25.66,86.07,6,12.85,14.58,Weekday,216.37
38.83,23.72,4,12.67,11.79,Weekend,197.15
17.79,39.28,5,3.09,19.56,Weekday,146.37
32.65,54.88,6,10.69,6.18,Weekday,204.56
29.43,37.02,4,1.5,4.01,Weekday,116.04
34.27,75.79,7,8.13,1.99,Weekday,175.53
16.95,88.94,2,2.6,5.58,Weekday,85.56
32.4,51.78,6,6.66,14,Weekday,188.04
31.84,45.66,4,13.33,2.62,Weekday,169.41
31.82,92.12,7,15.79,5.65,Weekday,213.38
33.1,53.36,7,5.09,17.25,Weekday,201.88
35.29,56.68,7,8.51,12.08,Weekday,207.19
39.15,46.37,2,8.18,2.32,Weekday,142.21
23.09,88.22,1,15.27,1.91,Weekend,171.44
39.75,62.67,2,7.66,2.16,Weekend,158.75
29.95,77.16,2,11.19,18.9,Weekday,177.04
17.31,80.89,5,14.75,17.15,Weekday,208.9
16.76,45.64,7,5.97,17.05,Weekday,166.29
25.03,52.53,4,14.43,18.56,Weekend,218.74
38.55,83.64,6,14.68,10.6,Weekend,244.4
36.23,47.24,5,14.89,5.7,Weekday,202.81
38.66,79.55,7,4.33,8.63,Weekday,191.32
30.52,90.57,3,6.41,14.66,Weekday,157.67
28.21,66.74,2,13.93,17.64,Weekday,184.18
19.42,75.62,3,5.75,9.27,Weekend,134.56
24.85,80.38,7,9.6,11.17,Weekday,181.66
28.02,83.38,5,1.89,18.7,Weekend,173.84
17.66,49.63,4,0.9,3.04,Weekday,83.47
21.62,23.84,5,6.59,17.38,Weekday,150.83
32.95,50.14,4,9.26,4.03,Weekday,162.57
37.07,70.53,4,6.28,10.19,Weekday,166.14
44.95,53.78,7,9.24,5.15,Weekend,214.73
42.99,76.17,1,8.24,12.46,Weekday,173.89
34.28,46.77,7,10.97,11.61,Weekday,198.18
27.64,67.61,2,10.39,8.22,Weekday,157.93
34.09,33.98,5,6.79,17.4,Weekday,187.84
38.57,76.2,4,6.8,13.54,Weekday,192.56
18.55,60.93,7,2.25,14.7,Weekend,170.41
27.3,35.3,7,8.21,3.86,Weekday,157.89
40.19,41.89,5,9.39,17.78,Weekday,190.71
26.51,76.15,5,7.62,4.17,Weekend,153.8
32.16,56.2,4,5.21,5.23,Weekday,149.38
32.63,36.2,6,11.55,3.43,Weekday,176.46
20.53,92.55,3,1.19,9.37,Weekday,103.47
25.87,73.63,2,14.63,17.87,Weekday,176.33
25.04,91.79,2,0.33,5.8,Weekend,119.2
15.79,52.03,6,15.4,8.1,Weekday,184.01
15.73,55.63,1,7.4,17.08,Weekday,119.88
39.95,87.35,6,6.6,12.74,Weekday,218.91
23.19,59.38,1,4.1,15.28,Weekday,140.83
30.54,73.05,1,0.16,5.07,Weekday,105.04
23.96,38.91,6,4.4,14.61,Weekday,160.78
43.22,53.5,2,1.75,5.32,Weekend,138.66
22.78,29.26,3,10.56,19.76,Weekday,171.6
27.89,35.45,2,5.11,11.64,Weekday,141.08
41.18,20.07,7,12.27,14.22,Weekday,214.88
40.26,22.94,2,3.31,3.25,Weekday,114.68
20.58,93.3,2,14.4,5.76,Weekday,158.15
39.08,38.18,6,8.37,3.66,Weekday,180.09
28.75,69.75,6,1.83,8.41,Weekday,159.94
29.49,82.93,7,6.41,6.4,Weekday,180.2
19,61.3,7,3.31,14.93,Weekday,161.32
17.42,31.49,6,3.19,3.07,Weekday,115.33
36.84,74.61,2,8.1,15.29,Weekday,174.97
29.89,65.02,3,10.75,1.87,Weekend,151.47
28.11,74.84,1,14.59,4.84,Weekday,157.92
36.89,77.73,5,8.03,16.05,Weekend,200.94
37.97,93.16,1,15.45,15.11,Weekday,201.98
19.77,63.02,7,15.07,10.05,Weekend,208.34
33.31,45.62,7,13.84,1.95,Weekday,192.39
19.06,68.63,1,8,12.59,Weekday,141.37
37.54,25.13,5,2.25,8.73,Weekend,150.63
34.71,87.3,2,3.49,7.01,Weekday,146.66
43.7,28.95,3,10.36,13.17,Weekday,176.98
17.07,44.59,3,6.75,9.3,Weekend,114.2
16.71,81.18,1,2.35,2.76,Weekday,78.18
23.47,64.8,5,7.66,18.4,Weekday,184.15
22.85,49.52,7,0.28,15.79,Weekday,144.06
22.41,55.51,4,11.74,2.07,Weekday,145.58
42.19,84.09,2,1.18,10.98,Weekday,154.61
22.49,45.5,1,10.07,2.58,Weekend,115
23.16,85.22,3,12.69,16.91,Weekday,179.49
37.78,26.61,7,2.12,12.65,Weekend,180.03
28.49,78.26,6,8.3,4.28,Weekday,159.08
38.3,83.57,6,12.47,1.39,Weekend,203.18
16.96,33.64,5,4.17,1.6,Weekday,103.82
29.63,52.28,5,2.61,10.64,Weekend,153.38
16.01,32.41,1,5.39,14.95,Weekday,110.27
16.88,73,4,8.88,3.3,Weekend,144.3
42.19,60.15,3,9.2,5.2,Weekday,168.44
19.18,67.65,1,2.09,7.22,Weekday,95.78
30.97,34.74,4,7.32,5.14,Weekday,146.48
27.33,35.88,7,4.29,8.44,Weekday,159.61
25.42,23.11,5,13.47,11.63,Weekday,173.84
42,44.16,6,5.02,14.01,Weekday,195.57
15.65,61.98,2,13.42,19.31,Weekday,164.42
34.91,84.35,7,6.86,18.69,Weekday,216.5
43.9,70.02,6,11.63,11.83,Weekday,227.7
31.81,52.65,3,8.16,14.95,Weekday,183.56
43.1,91.48,3,9.95,19.07,Weekend,213.44
16.57,73.94,6,6.33,2.59,Weekend,148.67
27.56,89.76,7,12.29,1.11,Weekday,201.73
22.8,59.57,6,6.8,1.57,Weekday,147.58
36.92,39.42,4,7.32,11.7,Weekday,164.69
44.44,23.96,1,8.28,15.49,Weekend,185.11
22.7,74.46,5,13.31,7.97,Weekday,177.97
34.63,29.1,4,10.55,11.36,Weekday,181.02
20.94,42.71,2,5.59,10.81,Weekday,116.4
31.96,59.94,6,10.73,2.8,Weekend,179.98
28.92,62.33,2,10.28,7.11,Weekday,153.02
44.16,65.04,2,14.9,1.37,Weekday,200.08
33.26,32.47,4,13.46,3.1,Weekday,171.06
25.49,48.48,5,10.36,16.43,Weekday,199
18.42,66.29,7,5.46,16.76,Weekday,169.04
19.54,92.74,3,12.47,16.24,Weekday,179.46
21.76,74.57,1,9.2,14.81,Weekend,138.73
22.53,89.2,3,15.76,16.07,Weekday,193.15
40.52,77.17,5,3.96,13.75,Weekend,187.4
31.84,64.38,3,1.27,13.73,Weekday,133.92
30.7,34.4,6,1.12,13.68,Weekday,141.03
18.44,70,6,10.24,10.77,Weekend,170.87
40.8,66.75,4,15.03,7.9,Weekday,208.2
36.68,65.19,2,0.03,14.87,Weekday,143.94
17.03,56.73,5,11.61,6.67,Weekend,147.65
36.24,59.65,5,10.51,11.32,Weekday,178.66
31.31,45.08,3,11.72,9.23,Weekday,152.83
17.45,58.95,4,5.69,6.26,Weekend,118.67
28.75,34.82,3,13.13,19.52,Weekday,193.31
29.54,80.39,3,0.72,5.92,Weekday,114.67
19.97,33.93,5,12.09,6.88,Weekend,157.69
43.37,26.37,3,4.27,4.07,Weekday,135.02
40.5,52.72,2,7.63,16.64,Weekday,160.62
35.07,69.37,3,13.16,12.15,Weekend,205.78
28.87,52.83,2,4.34,12.65,Weekday,141.66
27.35,40.76,5,2.96,16.59,Weekend,153.61
34.53,61.86,4,10.9,7.52,Weekend,183.98
31.36,46.03,6,8.53,4.68,Weekday,167.91
16.87,89.97,2,8.23,4.77,Weekday,112.34
30.38,89.2,4,4.11,14.92,Weekday,161.21
39.19,57.68,4,0.56,12.67,Weekday,164.52
28.78,44.59,2,6.56,4.92,Weekend,126.51
16.56,75.28,5,1.7,3.76,Weekday,110.12
38.59,22.75,1,14.5,3.29,Weekday,151.21
21.04,55.61,4,0.66,12.93,Weekday,114.53
22.76,45.22,4,6.91,1,Weekend,129.99
19.94,89.04,5,0.84,1.35,Weekday,102.62
24.91,20.9,5,1.53,8.4,Weekend,134.42
37.7,61.46,3,10.54,14.14,Weekday,175.91
30.58,75.55,5,10.35,14.21,Weekend,195.49
21.15,56.38,4,0.53,9.17,Weekday,97.7
41.33,26.41,2,0.02,14.13,Weekday,140.09
41.39,92.93,1,1.26,10.9,Weekend,144.74
41.12,58.85,7,12.21,19.56,Weekday,243.35
22.16,66.06,3,9.35,4.09,Weekday,137.98
28.54,37.75,7,0.61,12.41,Weekend,164.94
44.55,56.26,2,7.81,10.33,Weekday,172.67
38.16,52.19,1,11.39,4.69,Weekday,163.08
15.82,25.62,1,13.9,15.25,Weekday,137.92
16.96,27.96,1,14.94,6.23,Weekend,125.19
28.92,82.81,6,5.24,8.25,Weekday,168.48
42.28,37.99,2,2.17,8.12,Weekday,125.56
31.16,34.62,3,3.79,5.64,Weekday,125.45
29.93,57.87,3,12.42,9.18,Weekday,168.06
18.16,77.66,1,15.54,9.99,Weekend,160.25
34.7,24.65,2,7.46,15.14,Weekday,134.83
39.66,63.26,6,4.89,15.54,Weekday,193.54
26.41,28.94,1,6.87,4.01,Weekday,102.01
38.27,22.73,5,4.88,12.26,Weekday,173.93
43.93,23.96,7,4.1,18.03,Weekend,212.36
21.11,82.56,3,9.5,3.07,Weekday,136.46
30.7,28.85,7,0.25,9.99,Weekday,129.97
23.61,23.39,4,4.15,15.26,Weekday,130.25
38.79,52.84,1,10.58,12.62,Weekend,183.36
32.33,83.3,5,0.51,2.91,Weekday,130.31
34.04,39.68,3,1.33,8.54,Weekday,113.41
38.94,51.63,7,4.69,10.64,Weekend,200.32
26.88,22.99,6,14.04,19.92,Weekend,202.32
42.45,53.68,2,12.24,4.39,Weekend,177.35
30.99,63.32,3,0.35,19.67,Weekday,148.11
19.74,62.82,7,8.03,8.15,Weekend,170.43
35.88,44.93,2,4.39,4.81,Weekday,114.48
38.8,43.66,7,10.38,8.87,Weekday,197.71
24.5,28,2,11.54,12.67,Weekday,142.74
40.72,47.51,6,13.81,5.06,Weekday,215.07
42.18,27.46,6,7.61,6.54,Weekend,187.15
23.31,77.49,1,15.91,17.24,Weekday,179.62
44.51,92.47,1,15.68,19.98,Weekend,238.64
19.22,92.76,3,14.11,7.05,Weekend,164.44
21.06,84.88,6,9.2,3.83,Weekday,167.09
20.53,65.06,5,6.37,16.07,Weekend,169.08
41.82,72.56,7,5.83,12.41,Weekday,204.78
34.63,41.39,7,0.19,2.91,Weekday,136.72
19.56,67.31,7,3.99,18.99,Weekend,173.39
28.21,54.17,3,11.5,2.48,Weekday,156.21
33.46,56.15,7,9.66,12.88,Weekday,206.6
17.5,76.83,4,14.66,9.05,Weekday,170.73
41.47,41.14,2,0.8,11.58,Weekend,129.3
39.11,43.85,7,2.48,5.05,Weekday,166.56
30.16,89.35,2,12.63,14.07,Weekday,189.22
44.01,24.22,1,5.74,19.23,Weekday,158.41
27.53,56.42,7,1.89,9.71,Weekend,154.01
44.52,88.46,5,15.94,10.94,Weekday,241.55
35.04,65.78,6,12.6,5.56,Weekday,190.48
34.04,60.98,6,6.54,17.95,Weekday,197.07
19.98,38.73,1,13.17,19.45,Weekday,144.49
41.46,45.75,4,10.89,15.94,Weekday,194.18
27.82,83.9,3,12.64,11.31,Weekday,176.94
19.87,61.94,3,13.04,19.18,Weekday,174.21
15.38,58.61,5,1.36,3.92,Weekday,103.61
31.79,27.47,1,9.97,10.09,Weekday,142.79
30.82,21.2,1,0.11,11.21,Weekday,106.01
36.58,92.28,4,0.7,10.35,Weekday,152.16
41.71,48.27,7,14.46,16.25,Weekday,248.03
17.38,65.24,3,8.44,13.74,Weekday,133.76
36.94,25.98,7,11.77,3.41,Weekday,181.49
20.62,71.23,1,13.42,7.58,Weekday,144.06
40.75,89.94,7,15.19,7.44,Weekday,241.72
39.57,63.17,6,13.91,11.75,Weekday,228.94
31.22,29.46,5,7.73,6.54,Weekday,164.38
36.31,63.63,3,5.38,3.23,Weekend,135.8
24.43,77.48,4,2.47,13.42,Weekday,153.38
29.14,50.48,5,6.41,17.17,Weekend,167.26
39.65,85.99,2,5.86,18.7,Weekday,183.68
28.78,68.65,6,8.95,19.48,Weekday,193.57
25.73,87.44,4,10.65,15.84,Weekend,198.11
29.83,66.76,5,15.65,3.65,Weekday,180.32
39.85,29.85,1,11.65,17.21,Weekday,157.12
25.06,43.23,2,10.3,8.6,Weekend,145.5
20.21,35.13,4,5.36,14.87,Weekday,134.76
36.36,88.16,1,0.55,11.09,Weekday,135.64
39.78,77.03,6,4.61,16.74,Weekday,200.92
18.02,70.73,2,12.3,9.08,Weekend,144.01
22.2,42.57,3,3.28,2.17,Weekend,96.97
19.26,33.8,1,11.4,11.58,Weekday,155.29
25.44,76.73,5,9.28,4.25,Weekday,152.92
28.51,55.56,7,2.75,19.34,Weekend,188.12
37.46,36.93,4,4.19,11.01,Weekday,156.8
34.53,66.25,2,7.94,11.52,Weekday,163.49
33.63,23.03,1,6.69,18.24,Weekday,149.41
25.57,44.46,3,12.46,12.87,Weekday,165.59
40.24,55.14,7,11.75,6.75,Weekday,198.62
29.14,31.1,4,9.19,6.63,Weekend,155.97
44.37,93.85,4,13.16,10.53,Weekend,227.29
34.02,35.68,1,9,17.47,Weekday,159.88
18.79,29.78,3,15.43,16.1,Weekday,176.13
35.29,35.27,6,3.48,19.29,Weekday,176.87
24.75,77.68,7,11.43,2.37,Weekday,175.52
35.59,51.91,6,5.92,6.1,Weekday,174.89
17.09,62.41,2,4.46,2.52,Weekday,88.49
20.25,21.58,1,2.89,15.27,Weekday,93.55
40.67,22.58,7,8.84,3.68,Weekday,179.21
21.82,53.44,2,3.45,2.9,Weekday,97.94
40.11,81.25,6,3.21,11.67,Weekday,183
23.38,86.39,7,15.85,8.82,Weekday,232.42
34.29,26.5,4,12.83,14.59,Weekday,191.94
35.82,60.38,2,11.97,10.25,Weekend,170.38
30.38,88.49,3,12.7,9.08,Weekend,183.89
24.16,49.1,5,15.5,9.08,Weekday,193.21
21.38,82.22,6,9.17,17.57,Weekday,186.27
16,30.03,6,3.52,8.51,Weekday,120.24
24.12,90.15,3,13.8,7.33,Weekday,180.5
34.59,76.36,7,11.88,7.43,Weekday,220.04
43.15,90.6,7,6.63,4.74,Weekend,201.9
41.14,70.75,7,7.58,17.35,Weekday,221.49
37.98,47.26,2,6.58,3.79,Weekday,137.26
38.65,90.36,1,14.88,18.26,Weekday,222.56
34.95,40.67,4,5.5,6.39,Weekday,137.09
22.81,44.91,5,15.42,18.09,Weekday,206.57
42.22,72.56,1,14.56,16.03,Weekday,207
35.12,77.4,1,10.09,12.06,Weekday,159.19
31.81,89.71,3,9.28,13.72,Weekday,190.01
18.33,35.36,2,5.92,7.19,Weekend,114.99
28.41,79.85,6,0.29,11.91,Weekday,162.93
28.81,75.39,6,2.04,6.56,Weekday,155.53
40.94,24.78,3,12.07,8.64,Weekday,178.52
31.4,49.04,2,7.54,15.53,Weekday,160.3
26.41,41.21,3,2.4,5.63,Weekday,109.74
44.3,42.84,6,4.22,16.94,Weekday,189.61
18.32,93.72,1,15.17,8.14,Weekday,144.82
27.68,68.21,4,5.87,11.11,Weekday,156.11
16.26,73.83,7,14.52,18.9,Weekday,215.12
37.2,93.25,2,4.87,13.94,Weekday,160.85
42.54,48.29,5,8.69,13.27,Weekday,198.62
23.4,80.14,5,0.33,14.52,Weekday,153.74
40.75,52.59,1,8.35,18.44,Weekday,157.84
23.77,85.22,3,10.19,5.72,Weekday,155.91
42.32,33.55,3,3.75,12.65,Weekday,161.69
37.62,91.08,6,9.26,8.61,Weekday,211.4
39.15,36.41,1,10.35,1.23,Weekend,132.65
15.54,44.47,6,10.99,3.38,Weekday,143.86
43.88,76.71,6,12.42,7.17,Weekend,223.95
36.8,49.53,5,4.98,11.73,Weekday,171.67
24.14,65.62,6,9.08,17.75,Weekday,182.03
39.88,53.34,7,15.71,16.03,Weekday,252.76
23.45,75.68,6,14.37,11.51,Weekday,195.82
41.18,37.12,5,15.24,2.4,Weekday,196.77
18.38,24.38,7,6.18,6.43,Weekday,149.11
36.11,42.49,3,12.59,7.97,Weekend,187.67
31.22,55.57,2,9.92,12.81,Weekday,162.68
17.9,32.6,4,1.32,2.23,Weekday,73.73
22.26,46.61,6,13.18,11.07,Weekend,193.39
15.37,50,7,10.83,18.13,Weekend,195.5
29.06,24.3,2,3.18,14.4,Weekday,104.82
24.04,63.75,5,1.28,16.14,Weekday,146.46
32.95,86.33,2,13.39,13.95,Weekday,183.56
23.92,31.38,4,1.26,4.93,Weekday,89.14
24,64.84,2,1.46,3.1,Weekday,83.07
37.3,69.86,7,6.84,16.76,Weekday,194.44
16.44,51.45,2,2.16,14.21,Weekday,98.75
42.09,72.58,2,14.62,11.93,Weekend,202.51
40.57,50.8,2,7.52,4.6,Weekend,162.36
35.03,57.85,1,9.11,12.46,Weekday,153.94
32.8,20.55,6,14.85,1.6,Weekday,177.77
41.77,71.88,5,8.48,3.26,Weekday,169.35
20.56,69.6,4,5.66,6.93,Weekday,127.16
17.37,22.88,5,12.75,9.43,Weekday,167.1
22.19,47.62,1,7.09,3.29,Weekend,118.72
38.84,93.43,1,5.1,3.28,Weekday,133.16
16.04,51.56,7,11.57,14.79,Weekday,184.4
32.48,57.65,1,12.83,11.82,Weekday,173.12
44.86,88.24,6,12.67,11.14,Weekend,233.54
40.67,73.79,1,15.64,9.6,Weekend,202.8
30.64,63.66,2,12.59,19.55,Weekend,213.85
16.91,79.84,5,12.32,1.95,Weekday,160.22
39.94,84.83,3,13.72,4.43,Weekday,198.7
32.97,54.27,4,0,13.3,Weekday,147.65
18.45,55.63,1,5.8,3.59,Weekday,99.12
17.82,48.95,5,11.8,12.2,Weekend,169.68
42.29,92.5,7,9.6,11.79,Weekday,219.54
35.08,72.29,1,2.84,19.45,Weekday,147.33
39.88,26.24,6,4.86,17.78,Weekday,180.89
41.37,84.72,1,5.39,18.97,Weekday,171.6
32.15,56.04,1,9.09,3.16,Weekday,123.55
30.52,25.16,1,13.31,17.49,Weekday,165.73
27.91,61.23,7,14.92,3.45,Weekday,187.46
24.51,51.29,1,12,13.03,Weekday,144.62
28.04,85.83,4,13.49,14.68,Weekend,209.45
38.22,35.3,5,7.52,4.06,Weekday,167.41
33.06,81.98,6,6.24,13.02,Weekday,192.34
41.78,61.83,1,6.28,2,Weekday,131.4
28.3,24.1,1,9.86,6.57,Weekday,125.98
33.21,92.89,1,1.99,18.5,Weekend,165.85
33.94,58.45,1,9.27,4.26,Weekday,131.96
32.75,41.82,2,10.64,2.24,Weekday,153.15
36.08,55.21,2,7.02,9.43,Weekend,143.3
22.12,84.34,3,15.25,17.16,Weekend,186.84
30.37,42.87,1,9.73,2.46,Weekday,123.55
18.13,34.45,3,3.52,7.76,Weekday,99.57
26.54,29.68,4,7.67,18.1,Weekday,153.94
29.63,42.34,3,10.81,3.24,Weekend,148.17
34.57,78.5,5,5.18,6.9,Weekday,167.48
43.52,55.37,2,1.27,15.79,Weekday,143.61
33.02,37.06,2,9.33,11.32,Weekday,161.59
37.31,32.46,1,15.17,16.81,Weekday,199.13
30.19,44.95,1,7.76,3.12,Weekend,132.58
34.02,90.49,4,14.5,18.49,Weekend,224.05
17.13,45.73,6,13.36,18.76,Weekday,187.73
22.63,94.11,4,2.36,3.95,Weekday,118.89
25.86,56.39,5,11.33,1.64,Weekday,155.88
29.17,33.44,1,6.97,19.81,Weekend,147.87
16.37,86.84,1,4,10.16,Weekend,114.94
19.2,54.53,4,10.99,11.87,Weekend,168.38
23.3,73.23,4,11.88,12.7,Weekend,175.34
44.15,93.78,4,2.88,16,Weekday,178.63
24.94,23.76,2,14.63,16.43,Weekend,165.09
29.46,27.25,3,12.02,4.68,Weekday,142.56
20.88,74.03,3,14.93,5.5,Weekday,169.86
33.32,41.14,1,5.07,17.66,Weekday,143.15
23.42,33.82,2,15.03,16.57,Weekday,179.8
21.21,22.95,4,5.9,12.73,Weekend,123.01
30.5,21.64,1,0.86,19.9,Weekday,119.24
15.17,78.09,2,12.21,14.97,Weekend,161.67
15.23,30.08,5,11.26,5.1,Weekday,147.92
21.57,55.08,6,9.57,17.09,Weekday,180.72
16.1,65.44,2,7.84,8.88,Weekday,115.59
18.24,52.13,7,0.51,1.69,Weekday,122.55
25.17,22.03,1,9.99,7.11,Weekday,119.15
39.08,78.76,3,6.67,15.51,Weekday,183.52
32.16,20.79,7,8.96,19.24,Weekend,211.61
30.38,77.14,4,6.87,6.25,Weekday,141.14
23.8,87,6,15.46,5.68,Weekday,199.34
42.95,52.46,5,9.67,11.71,Weekend,197.35
26.91,60.17,6,11.99,16.42,Weekday,203.86
17.61,55.77,6,14.98,15.18,Weekday,194.9
33.51,49.19,2,9.47,11.64,Weekday,155.23
18.42,86.56,1,0.19,13,Weekday,101.59
25.36,87.05,1,0.55,5.6,Weekday,95.32
30.22,45.19,6,11.24,9.22,Weekday,178.32
41.23,66.13,4,4.47,5.85,Weekday,150.26
29.81,89.52,1,9.27,17.8,Weekday,176.11
36.07,92.15,6,3.24,3.14,Weekday,161.73
44.78,58.17,1,4.32,13.92,Weekday,144.74
18.94,53.96,4,8.07,5.95,Weekend,133.37
23.24,40.9,5,15.61,10.04,Weekday,185.17
26.84,91.92,7,9.86,6.69,Weekday,181.1
27.65,30.71,6,14.98,7.14,Weekend,190.01
27.33,63.49,3,15.35,5.95,Weekend,186.74
42.23,41.19,3,3.33,15.3,Weekend,185.94
36.42,40.93,6,4.98,7.95,Weekend,173.15
33.24,50.37,2,12.32,14.8,Weekday,168.1
24.28,94.91,5,13.87,9.67,Weekday,194.11
39.71,24.12,2,8.31,11.4,Weekday,158.16
43.65,63.39,7,15.89,11.32,Weekday,256.3
39.64,26.19,3,0.19,19.54,Weekday,153.51
15.05,31.59,4,4.79,7.97,Weekday,118.59
34.09,52.97,6,9.97,4.95,Weekend,185.99
16.53,58.28,7,7.51,18.32,Weekday,177.49
22.73,39.41,1,1.87,4.32,Weekday,63.53
16.79,43.73,3,5.88,16.85,Weekday,122.79
33.11,26.52,5,0.41,3.85,Weekday,106.97
35.6,42.74,3,10.28,13.52,Weekend,175.19
18.43,92.49,5,14.28,3.86,Weekend,169.48
26.52,90.85,5,14.16,18.54,Weekend,215.81
28.69,45.12,6,11.19,11.74,Weekday,198.07
26.07,62.81,5,7.45,7.26,Weekend,144.88
18.63,88.22,2,8.19,3.67,Weekday,119.35
27.57,20.46,7,2.19,8.05,Weekend,151.25
37.54,80.8,4,5.46,14.4,Weekday,177.62
17.13,91.13,3,3,8.31,Weekday,124.6
17.41,26.85,4,13.14,5.68,Weekend,143.2
25.64,32.11,7,14.64,11.97,Weekday,217.99
43.25,92.06,1,8.59,8.94,Weekend,164.24
35.06,60.32,7,11.64,4.15,Weekday,209.36
35.36,21.06,3,1.94,3.93,Weekend,109.2
25.86,39.32,4,9.74,14.44,Weekend,182.49
32.81,53.75,4,11.24,19.52,Weekday,196.98
15.3,71.97,6,7.24,5.43,Weekday,150.52
34.08,74.99,6,3.89,15.69,Weekday,194.07
42.4,94.66,7,14.04,2.66,Weekend,230.12
33.38,41.56,7,11.89,8.25,Weekday,208.36
41.21,60.37,1,14.4,10.63,Weekday,188.24
36.72,60,5,13.09,6.11,Weekday,184.75
18.62,50.42,3,15.85,11.06,Weekday,172.35
42.07,32.69,6,3.07,17.77,Weekday,178.34
16.99,93.31,3,1.39,18.94,Weekday,125.28
31.02,84,1,5.39,2.91,Weekend,117.56
19.26,57.37,6,2.06,6.17,Weekday,125.77
15.35,65.24,6,8.37,19.6,Weekday,168.11
27.66,37.04,5,10.13,6.14,Weekday,150.17
23.85,60.78,3,9.25,14.16,Weekday,149.61
29.58,72.12,3,4.15,5.82,Weekend,129.66
32.32,58.64,3,14.54,7.77,Weekday,186.26
16.31,94.27,5,0.34,4.63,Weekday,116.64
18.69,65.85,6,5.57,17.27,Weekday,171.61
31.76,47.82,1,11.5,17.77,Weekend,175.1
25.3,77.91,3,12.27,6.64,Weekend,167.25
36.88,32.78,4,6.66,16.65,Weekday,173.33
34.57,48.84,5,0.27,7.81,Weekday,138.82
40.37,46.02,2,9.89,2.88,Weekday,162.26
35.77,52.39,1,1.01,15.4,Weekend,130.33
27.9,78.63,4,1.73,12.33,Weekday,144.96
35.19,56.31,3,10.4,6.21,Weekend,159.8
23.26,79.55,2,5,5.81,Weekend,128.83
24.19,63.24,1,5.57,19.54,Weekend,145.28
38.67,45.66,5,7.79,17.39,Weekday,188.34
28.39,80.75,2,15.66,16.39,Weekday,206.39
38.95,37.87,6,15.45,3.43,Weekend,201.61
39.67,36.83,7,6.66,15.35,Weekday,184
40.73,57.84,2,4.25,5.08,Weekday,143.72
42.5,39.56,7,4.84,19.57,Weekday,212.29
27.93,20.68,4,4.3,1.99,Weekday,102.52
24.57,68.62,1,8.52,7.69,Weekday,130.89
32.47,58.33,4,9.71,9.14,Weekday,181.11
26.14,53.41,4,7.82,16.66,Weekday,169
33.03,92.52,3,6.53,15.56,Weekday,194.33
36.17,62.84,5,3.38,8.12,Weekday,150.23
35.65,84.76,2,7.72,11.75,Weekday,148.3
26.24,30.46,1,5.46,16.88,Weekday,114.76
20.01,62.69,6,8.67,1.35,Weekend,131.42
27.92,85.1,5,10.8,16.24,Weekend,222.23
19.28,63.73,5,10.13,18.99,Weekend,186.16
41.7,73.85,1,7.4,1.61,Weekend,162.57
25.38,47.9,5,8.9,1.87,Weekday,141.35
19.63,26.93,3,4.56,7.55,Weekday,97.29
15.76,54.34,5,0.39,2.67,Weekday,78.45
34.37,49.59,3,10,10.11,Weekday,164.81
34.11,85.03,2,4.04,14.85,Weekday,160.5
25.22,38.3,2,10.7,11.77,Weekday,145.15
17.15,92.51,4,11.95,4.73,Weekend,147.04
27.29,91.86,3,14.65,13.44,Weekday,201.42
24.34,38.57,6,15.33,14.01,Weekday,209.9
35.31,46.1,2,0.17,18.72,Weekend,136.09
33.17,87.17,5,15.85,3.79,Weekend,205.26
25.94,92.5,1,10.93,14.15,Weekday,149.08
21.54,53.26,1,10.3,18.32,Weekend,159.4
44.64,44.07,7,0.24,10.53,Weekday,170.14
28.62,59.46,3,13.78,7.87,Weekend,156.25
35.65,71.58,6,2.33,4.24,Weekday,141.57
19.22,40.51,4,13.4,17.47,Weekday,181.96
29.57,75.24,5,0.25,8.49,Weekend,137.86
15.83,23.87,3,10.34,18.57,Weekday,137.94
30.16,23.7,7,6.96,17.11,Weekday,186.78
43.92,48.97,1,3.21,8.16,Weekday,127.43
26.53,46.51,3,1.72,11.9,Weekday,114.49
16.17,43.67,5,7.04,1.52,Weekend,120.08
15.93,56.83,6,1.97,6,Weekday,129.28
26.64,44.06,6,7.78,14.5,Weekday,189.53
19.8,34.42,2,10,13.88,Weekday,121.75
15.7,43.21,5,13.24,7.71,Weekday,157.25
37.69,93.12,7,10.86,16.36,Weekday,225.02
28.76,50.83,2,1.04,5.48,Weekday,91.26
23.68,53.35,2,4.92,9.76,Weekend,108.37
42,63.24,2,4.61,9.98,Weekday,146.32
18.48,93.75,3,14.64,7.48,Weekday,158.18
43.68,38.12,7,13.88,19.14,Weekday,258.85
24.42,71.1,1,5.92,14.24,Weekday,124.52
41.65,73.7,6,1.14,11.24,Weekday,159.38
33.09,65.55,3,14.31,10.7,Weekend,196.12
39.8,26.64,1,14.21,4.03,Weekend,164.03
44.52,70.77,6,13.68,8.07,Weekday,226.56
23.65,24.81,7,13.52,13.78,Weekday,202.06
43.83,64.71,7,7.68,18.57,Weekend,244.59
26.68,75.47,5,2.84,16.51,Weekday,157.55
26.57,35.82,6,7.64,6.71,Weekday,157.83
25.21,83.12,6,7.91,9.25,Weekend,177.25
31.24,22.28,7,7.84,2.58,Weekend,168.91
19.62,83.29,6,8.62,2.94,Weekday,141.81
31.61,54.52,4,4.12,9.93,Weekday,150.6
31.25,36.32,5,5.86,11.07,Weekday,160.14
37.86,30.03,3,6.95,6.02,Weekday,137.97
40.01,91.5,3,2.1,13.21,Weekend,184.64
28.21,25.45,1,7.29,14.36,Weekday,119.93
24.07,34.93,3,12.97,6.68,Weekday,153.5
22.78,46.09,2,13.25,15.41,Weekday,156.69
20.84,66.52,6,6.59,4.91,Weekday,150.52
16.73,60.86,3,8.3,11.34,Weekday,150.67
25.27,29.42,1,0.54,16.28,Weekend,111.77
23.11,41.73,1,10.79,11.2,Weekday,134.39
43.99,37.91,2,6.47,18.25,Weekday,183.27
31.73,36.02,1,7.13,2.11,Weekday,107.92
25.42,50.84,7,13.98,12.18,Weekend,215.61
32.41,72.8,4,7.39,11.67,Weekday,171.82
19.18,36.31,7,0.34,13.55,Weekday,123.01
28.32,47.5,6,3.64,16.83,Weekday,180.31
33.79,49.32,6,7.61,14.79,Weekday,200.35
29.67,93.23,6,6.79,16.02,Weekend,193.31
27.05,91.6,5,13.77,6.49,Weekday,200.6
44.82,80.01,3,8.67,8.36,Weekend,181.68
41.41,38.12,4,11.03,12.91,Weekend,204.73
33.7,25.1,3,7.51,11.52,Weekend,156.7
32.08,43.77,4,7.03,19.26,Weekday,190.33
33.62,40.01,3,7.14,4.55,Weekday,141.32
21.04,57.94,2,6.57,7.67,Weekday,105.36
26.85,78.33,7,8.62,11.88,Weekday,200.91
16.18,84.37,1,4.01,17.49,Weekend,120.43
29.27,83.36,1,14.26,18.66,Weekend,191.99
31.29,46.98,7,5.33,7.38,Weekday,166.88
21.83,71.54,2,2.36,2.28,Weekday,87.79
43.92,43.46,4,1.54,9.01,Weekday,165.23
42.28,24.57,7,0.21,8.49,Weekday,165.57
36.66,72.62,5,6.77,19.74,Weekend,197.51
31,20.74,4,3,9.19,Weekday,121.93
41.1,50.69,1,0.35,6.81,Weekday,103.25
18.92,44.7,5,8.32,7.94,Weekday,150.12
38.72,72,3,10.88,8.54,Weekend,187.5
18.74,77.47,5,1.37,16.61,Weekday,131.88
38.83,42.81,4,7.37,2.54,Weekend,171.08
23.27,80.87,2,11.9,7.01,Weekend,160.16
41.31,42.04,3,15.77,19.36,Weekday,226.03
43.32,53.47,4,10.68,3.91,Weekday,183.76
19.46,74.53,3,3.92,15.11,Weekday,121.4
28.88,71.97,5,11.46,7.77,Weekday,186.74
44.43,94.05,1,9.57,12.05,Weekend,187.41
29.5,36.89,4,3.39,2.89,Weekday,124.75
40.91,69.67,2,13.62,6.82,Weekday,191.94
32.66,65.73,7,6.84,10.52,Weekday,187.93
26.26,88.63,5,15.39,5.4,Weekday,193.95
23.57,31.73,4,11.57,11.3,Weekday,174.12
21.1,76.38,2,10.31,5.18,Weekday,123.99
37.85,62.62,4,11.65,13.35,Weekday,196.15
26.6,40.6,5,7.65,18.18,Weekday,183.57
30.34,55.58,4,8.08,2.62,Weekday,157.31
29.77,45.03,3,13.62,5.12,Weekday,162.53
32.32,63.45,5,10.89,17.04,Weekday,198.14
40.97,86.68,4,14.36,13,Weekend,224.51
44.42,62.7,7,14.25,2.5,Weekday,212.92
27.23,67.38,1,15.62,10.24,Weekday,186.07
39.83,58.91,4,11.2,4.99,Weekday,181.56
37.94,23.84,3,8.04,4.78,Weekday,149.84
32.21,37.46,2,2.66,18.87,Weekday,142.5
43.68,56.9,7,11.29,15.47,Weekend,253.39
21.01,43.27,2,4.67,14.23,Weekday,115.75
18.28,33.63,7,4.53,5.54,Weekday,128.76
40.62,57.81,2,3.81,3.25,Weekday,137.42
28.17,44.21,1,14,17.55,Weekday,159.23
40.41,39.36,3,13.89,1.11,Weekday,185.41
41.79,54.8,5,10.1,8.37,Weekday,209.42
16.87,30,2,7.57,6.27,Weekend,110.2
41.5,89.58,7,10.75,11.84,Weekday,224.51
28.45,85.08,3,9.72,5.76,Weekday,163.95
30.31,73.07,4,6.65,6.91,Weekend,157.1
33.8,27.97,1,6.07,17.15,Weekend,148.43
42.79,78.19,3,6.12,12.46,Weekend,186.2
15.57,80.6,3,9.43,3.77,Weekday,121.65
29.31,77.58,5,10.36,14.8,Weekday,198
35.63,28.55,3,7.23,4.94,Weekend,133.39
36.68,68.29,5,15.5,9.23,Weekday,198.99
35.78,82.57,1,1.34,13.29,Weekday,135.35
19.03,63.3,1,5.55,6.17,Weekend,113.15
23.98,68.48,4,6.71,8.3,Weekday,140.03
25.76,54.38,5,0.27,14.95,Weekend,137.23
39.13,59.65,5,5.84,18.82,Weekend,206.2
23.36,22.58,2,4.38,11.06,Weekend,113.69
21.32,67.92,2,8.1,1.19,Weekday,109.28
43.72,26.11,4,5.38,7.43,Weekday,161.55
15.27,52.63,1,11.62,8.57,Weekend,127.47
44.93,41.95,6,8.16,7.44,Weekend,189.57
35.3,60.91,2,2.08,9.29,Weekday,126.73
39.85,30.01,3,12,13.02,Weekday,188.85
23.84,71.87,1,1.59,3.3,Weekend,87.61
15.43,79.63,6,13.42,6.18,Weekday,181.07
37.14,32.25,3,14.9,10.65,Weekday,194.87
40.02,27.82,7,5.16,7,Weekday,172.78
37.21,30.91,5,14.82,19.83,Weekday,227.64
19.29,85.78,1,12.69,9.2,Weekend,147.77
37.6,59.61,7,14.76,17.53,Weekday,244.75
38.07,55.04,4,10.66,18.03,Weekday,203.18
34.76,28,5,3.77,16.88,Weekday,150.91
37.98,68.72,5,14.31,1.89,Weekday,197.77
40.38,85.1,3,2.95,19.01,Weekday,179.84
33.41,82.11,7,3.41,3.45,Weekend,188.38
17.66,66.95,5,4.34,1.65,Weekday,118.54
29.63,25.65,2,4.87,8.87,Weekday,113.23
17.33,28.43,1,8.23,4.7,Weekday,81.97
27.23,23.7,2,11.42,4.5,Weekday,124.93
27.21,39.31,3,14.82,6.47,Weekday,161.7
16.98,30.17,6,1.42,5.72,Weekday,102.72
25.46,39.5,3,15.27,14.01,Weekday,179.33
18.33,48.88,1,14.74,4.55,Weekday,128.78
39.25,90.72,5,0.86,11.32,Weekday,164.8
43.43,65.78,7,5.77,19.74,Weekend,224.91
17.17,82.62,7,13.01,9.22,Weekend,195.66
43.65,73.28,4,9.79,13.2,Weekday,198.4
30.68,28.44,3,12.47,19.42,Weekday,176.49
23.99,75.19,1,11.5,3.62,Weekend,136.55
17.31,40.63,4,7.95,8.95,Weekday,134.28
30.02,67.93,5,0.66,17.15,Weekend,151.17
38.84,45.57,6,9.35,18.71,Weekday,210.22
36.21,94.83,3,0.78,12.42,Weekday,147.29
16.51,39.77,6,9.66,3.72,Weekend,144.94
17.19,40.93,1,12.81,18.13,Weekday,154.75
27.09,89.8,6,9.36,4.31,Weekday,182.83
23.86,21.85,6,15.95,7.7,Weekend,193.01
21.97,72.25,1,7.29,8.13,Weekend,134.62
23.43,74.4,1,11.98,9.5,Weekday,144.35
39.1,82.73,3,10.68,16.01,Weekday,209.2
42.88,93.08,6,15.86,16.24,Weekday,255.31
27.15,93.17,4,11.41,14.67,Weekend,199.83
42.18,24.9,1,2.62,1.42,Weekend,116.49
24.64,81.64,5,15.29,11.73,Weekend,208.91
29.29,68.47,6,10.68,15.2,Weekend,200.07
21.78,68.55,1,0.95,9.45,Weekday,79.45
34.21,29.63,4,10.52,18.95,Weekend,200.97
44.37,68.76,7,14.13,16.65,Weekend,259.53
33.1,93.69,3,9.23,13.12,Weekend,185.49
25.73,88.39,6,5.66,2.19,Weekday,163.14
34.43,52.93,7,13.13,13.39,Weekend,219.87
18.69,23,1,12.52,18.32,Weekday,151.1
41.66,47.17,1,8.71,8.21,Weekday,148.48
30.09,81.98,5,2.47,16.92,Weekday,165.69
28.48,72.61,5,4.02,6.95,Weekday,137.72
32.58,54.45,6,11.82,11.83,Weekday,196.22
33.74,24.13,7,12.9,13.32,Weekend,219.63
17.15,52.02,7,4.47,13.88,Weekday,163.48
35.48,55.18,1,5.89,17.77,Weekday,157.39
22.26,89.64,6,1.24,5.46,Weekday,135
36.42,68.08,1,11.42,5.99,Weekend,183.91
39.68,43.37,5,0.06,14.38,Weekday,160.8
39.12,59.4,4,0.74,4.37,Weekday,125.72
31.58,24.95,2,0.07,9.82,Weekday,88.77
30.61,92.94,2,10.33,1.38,Weekday,151.51
19.29,47,1,6.68,3.68,Weekend,88.71
38.26,55.84,7,4.76,13.9,Weekend,190.61
23.14,46.65,5,14.6,15.2,Weekend,202.23
29.9,71.19,3,3.08,3.19,Weekday,128.4
23.53,69.67,3,6.23,5.33,Weekday,124.72
19.01,73.65,2,15.04,2.88,Weekday,136.71
33.89,40.11,4,6.83,9.23,Weekday,154.93
16.63,43.68,2,8.88,3.4,Weekday,104.27
37.46,29.39,1,1.29,9.31,Weekday,111.45
24.53,69.16,4,12.64,14.91,Weekday,176.97
15,22.98,3,6.76,13.98,Weekend,117.41
30.33,64.83,7,12.81,6.33,Weekend,214.8
16.41,85.23,5,4.06,13.8,Weekday,149.82
23.29,86.81,5,6.76,18.63,Weekday,188.67
36.21,53.68,1,12.58,7.6,Weekend,152.83
16.88,54.45,2,15.58,7.25,Weekday,141.71
40.18,25.77,1,0.95,11.86,Weekend,131.36
15.11,70.31,5,13,5.66,Weekday,164
22.4,81.59,3,4.81,13.38,Weekend,148.15
37.23,38.35,5,8.81,16.81,Weekend,197.26
24.49,51.6,4,4.64,9.73,Weekday,128.88
18.06,82.91,7,9.82,13.91,Weekday,188.41
25.81,85.78,7,5.66,13.39,Weekday,179.52
23.11,38.24,6,5.34,1.73,Weekend,138.13
40.28,61.29,5,0.61,4.48,Weekday,143.79
24.4,34.44,5,2.35,17.98,Weekday,136.61
38.67,27.64,7,14.67,18.84,Weekday,246.45
41.76,88.33,6,15.97,15.83,Weekend,271.39
28.01,81.54,4,12.49,18.5,Weekend,219.36
42.3,77,2,4.59,6.82,Weekday,156.27
26.32,23.66,5,6.44,5.71,Weekday,141.5
43.92,83.28,7,11.83,8.3,Weekday,222.26
17.68,52.85,1,15.5,2.05,Weekday,124.55
35.61,45.68,5,7.29,16.39,Weekday,185.3
29.81,60.99,1,13.27,19.7,Weekday,187.77
26.63,26.85,4,15.6,16.66,Weekend,195.04
33.98,76.75,5,13.98,11.54,Weekday,210.02
36.12,63.68,7,3.63,6.61,Weekend,180.49
15.13,33.99,4,0.13,4.76,Weekday,81.57
20.01,34.12,4,7.87,7.92,Weekday,133.77
36.39,33.82,2,8.5,13.67,Weekday,153.76
34.99,24.28,5,3.22,9.49,Weekday,143.08
43.98,64.08,1,4.55,18.75,Weekday,164.38
37.83,83.03,1,12.24,17.23,Weekend,198.99
43.52,21.31,5,7.53,2.95,Weekday,161.62
36.08,23.68,6,5.08,3.5,Weekday,146.04
23.94,62.96,2,9.96,13.85,Weekend,159.28
18.16,81.46,2,10.44,5.38,Weekday,148.75
38.45,44.51,2,12.31,16.03,Weekday,193.9
34.32,46.22,1,2.51,12.24,Weekday,107.61
16.45,64.73,4,11.86,5.37,Weekend,154.03
25.8,40.57,7,9.59,10.1,Weekend,180.86
43.7,22,6,0.92,8.72,Weekday,149.06
30.01,75.14,2,12.44,17.59,Weekday,192.87
27.98,66.92,1,6.13,1.61,Weekend,115.19
28.73,63.56,1,5.29,18.02,Weekend,167.11
21.27,75.63,4,7.17,13.39,Weekday,153.77
26.06,70.64,5,5.54,15.01,Weekend,169.25
26.09,35.44,5,5.41,1.05,Weekday,133.85
16.57,46.44,7,12.93,12.94,Weekday,186.58
38.03,29.46,7,1.99,12.18,Weekday,160.59
27.5,29.74,2,15.53,11.21,Weekday,161.91
39.67,70.71,7,8.88,15.93,Weekday,220.99
40.51,84.4,2,2.93,11.56,Weekend,163.1
21.36,92.2,6,2.1,17.28,Weekday,171.76
34.72,67.13,7,9.46,5.42,Weekday,199.56
29.17,33.81,4,10.13,16.31,Weekday,180.66
41.4,27.92,2,0.85,4.41,Weekend,126.19
21.47,80.96,4,3.89,16.45,Weekend,158.59
35.33,63.41,1,12.73,18.87,Weekday,182.18
33.23,66.37,2,0.79,7.38,Weekday,113.77
23.86,78.61,1,13.68,11.07,Weekday,156.32
19.1,72.75,3,10.53,13.51,Weekday,167.4
34.55,82.58,4,6.95,2.51,Weekday,148.13
37.16,24.22,3,5.54,10.39,Weekday,138.46
24.47,76.06,2,0.31,7.85,Weekend,107.88
34.34,83.81,1,13.2,17.58,Weekday,208.48
26.85,41.46,2,2.28,17.66,Weekday,131.78
36.4,68.03,3,4.95,14.31,Weekday,172.04
20.98,43.56,2,9.11,13.46,Weekday,128.56
41.71,91.85,6,3.94,14.94,Weekday,206.56
23.62,22.51,5,7.95,7.95,Weekday,133.68
26.03,63.48,3,12.95,8.69,Weekend,178.13
16.74,32.49,2,7.53,11.52,Weekday,102.54
18.35,73.42,1,15.18,18.82,Weekday,170.07
30.48,33.19,2,13.56,14.76,Weekday,157.87
23.03,37.65,1,5.33,11.47,Weekend,107.88
40.06,57.08,5,6.4,15.64,Weekday,181.04
15.44,88.61,2,6.77,8.05,Weekend,128.77
26.37,35.88,7,10.02,14.88,Weekday,192.81
25.12,30.82,7,4.59,8.8,Weekday,146.74
15.58,76.92,5,15.51,6.31,Weekend,180.73
18.73,57.55,3,9.74,12.58,Weekday,139.84
27.41,88.38,1,6.39,14.05,Weekday,146.1
29.79,31,7,10.32,9.73,Weekday,186.13
27.13,68.44,6,6.33,11.74,Weekend,194.92
30.93,37.47,3,13.08,14.19,Weekday,194.07
32.85,31.76,1,9.09,15.59,Weekday,159.36
15.3,71.26,5,0.67,18.02,Weekday,133.91
28.92,64.53,7,2.83,7.74,Weekday,160.53
43.9,76.61,4,13.84,19.08,Weekday,248.19
30.57,43.21,2,9.01,13.11,Weekday,155.66
35.33,53.6,5,15.21,15.97,Weekday,226.01
24.36,50.41,1,1.16,14.3,Weekday,99.02
38.22,93.81,1,4.72,4.91,Weekday,131.49
38.19,41.92,1,3.1,2.36,Weekday,107.58
30.64,42.11,1,8.86,14.8,Weekday,127.3
44.28,46.59,2,6.12,10.71,Weekend,165.57
18.77,62.34,3,2.52,14.34,Weekend,122.42
15.51,38.92,6,10.28,10.06,Weekday,163.03
38.1,88.65,4,8.58,6.93,Weekend,195.84
39.21,39.93,2,4.4,6.42,Weekend,158.03
18.61,87.19,1,7.68,14.88,Weekday,139.56
22.97,27.76,2,11.93,6.26,Weekday,134.35
15.53,69.24,5,3.28,14.58,Weekday,131.04
23.8,88.02,6,4.69,8.3,Weekend,153.19
38.19,32.66,1,5.54,15.65,Weekday,153.2
30.54,92.62,4,11.95,3.71,Weekday,176.47
25.44,53.97,1,13.55,4.89,Weekday,145.13
26.15,90.93,6,6.02,14.03,Weekend,185.47
15.04,70.76,4,4.75,11.64,Weekday,127.63
23.99,42.62,6,14.23,4.87,Weekend,185.49
34.39,34.12,4,15.99,18.15,Weekend,224.41
44.23,42.78,3,10.73,6.24,Weekday,185.97
40.41,26.98,7,15.84,9,Weekday,218.06
15.71,30.79,3,10.56,4.84,Weekday,124.37
41.96,27.85,2,11.74,8.37,Weekend,165.8
38.5,51.72,2,6.22,10.34,Weekend,162.15
38.41,79.67,4,6.93,6.61,Weekend,178.32
28.74,30.6,1,2.31,15.61,Weekday,113.03
26.94,29.77,7,13.16,8.48,Weekday,191.03
24.09,68.26,5,14.9,14.86,Weekday,204.66
16.97,34.79,5,9.98,4.93,Weekday,145.46
21.85,27.32,1,5.5,8.16,Weekend,111.24
22.4,32.51,1,2.46,1.15,Weekday,78.78
29.52,89.28,3,4.24,15.41,Weekday,146.16
37.42,81.61,5,4.09,12.89,Weekday,183.21
29.21,46.55,4,9.82,16.54,Weekday,159.93
16.74,69.19,6,15.12,9.66,Weekday,171.12
43.73,60.3,2,0.77,16.2,Weekday,160.91
43.28,70.78,6,0.02,13.3,Weekend,169.91
38.56,71.2,3,9.6,1.07,Weekday,158.89
44.74,67.16,5,4.54,5.82,Weekday,185.17
31.33,39.96,7,14.09,10.38,Weekday,215.3
43.88,22.93,1,5.24,12.76,Weekend,153.45
17.27,54.17,7,4.64,2.25,Weekday,128.7
25.97,86.82,7,4.31,14.4,Weekend,185.88
21.76,62.71,5,2.32,11.33,Weekday,128.33
20.87,82.43,4,9.3,10.99,Weekday,156.51
19.22,94.37,3,2.69,6.55,Weekday,114.13
33.67,32.27,1,6.79,12.3,Weekday,137.79
38.44,71.88,6,7.38,1.52,Weekend,179.03
32.35,70.57,4,0.33,2.23,Weekday,99.89
19.41,93.5,6,0.27,14.94,Weekday,157.59
39.33,93.92,2,8.32,7.12,Weekday,175.59
34.08,71.5,3,11.14,7.59,Weekend,176.98
26.64,38.27,4,15.07,4.96,Weekend,182.93
35.22,79.89,4,2.87,9.47,Weekday,150.23
22.8,28.03,6,1.65,1.99,Weekday,111.79
25.36,78.55,1,0.83,6.71,Weekend,85.33
42.52,88.26,2,6.98,11.02,Weekend,181.71
23.72,48.71,6,9.97,9.85,Weekday,169.58
29.1,67.3,4,13.45,19.99,Weekday,210.82
41.7,52.26,3,10.92,8.39,Weekend,201.03
36.23,52.83,4,3.33,8.35,Weekday,146.3
16.87,43.28,5,7.39,10.57,Weekday,136.18
19.42,77.16,3,14.57,4.62,Weekend,159.23
15.24,90.21,3,5.23,17.65,Weekday,129.51
33.93,90.56,4,7.98,11.87,Weekend,190.5
28.43,33.11,1,15.34,4.65,Weekday,152.63
19.03,85.61,3,11.76,16.08,Weekend,177.72
43.74,75.31,5,11.96,1.65,Weekday,206.15
30.89,38.96,6,4.04,19.67,Weekend,189.16
22.26,25.05,1,6.64,17.44,Weekday,124.36
30.02,40.1,1,1.32,12.01,Weekday,111.1
35.39,88.42,1,9.7,3.11,Weekday,166.13
17.29,67.49,3,1.66,5.09,Weekend,92.45
23.24,74.08,1,13.37,6.31,Weekday,152.31
39.21,39.29,4,13.03,5.58,Weekday,185.98
28.79,73.95,1,8.54,10.45,Weekday,151.79
31.4,22.11,5,2.26,18.95,Weekday,148.65
27.98,48.15,2,0.41,9.44,Weekday,105.03
16.32,67.01,5,12.75,13.57,Weekend,176.25
19.97,30.96,3,9.6,14.08,Weekday,129.29
28.37,81.73,1,11.37,17.56,Weekday,184.63
21.28,37.63,1,4.86,1.64,Weekend,84.6
16.5,68.92,4,8.15,8.68,Weekday,131.42
40.31,50.39,6,11.95,15.91,Weekday,219.86
44.44,64.7,1,7.4,16.48,Weekday,191.56
38.79,28.06,7,9.62,18.62,Weekday,228.99
40.61,21.27,5,12.64,14.35,Weekday,206.18
22.26,88.22,3,3.44,5.66,Weekday,125.37
43.82,40.22,2,1.05,10.61,Weekend,131.42
20.91,81.48,1,8.51,1.61,Weekday,116.11
43.54,94.95,2,0.99,13.29,Weekday,153.13
44.84,35.86,1,12.26,11.53,Weekend,188.53
36.35,39.89,3,11.51,13.67,Weekday,172.27
44.43,69.71,6,14.11,18.67,Weekend,253.7
32.09,92.41,5,10.23,14.06,Weekday,203.91
22.79,88.69,3,1.08,7.09,Weekday,113.42
28.11,57.72,2,4.05,4.78,Weekday,100.94
32.81,79.63,1,12.93,17.24,Weekday,179.26
17.19,30.18,2,2.67,4.69,Weekday,81.74
33.67,93.31,5,11.18,4.07,Weekday,190.29
44.44,92.33,7,12.48,4.93,Weekday,235.94
20.7,32.28,3,5.28,10.67,Weekday,119.71
38.78,42.46,2,5.16,3.36,Weekday,120.71
42.24,27.51,2,8.92,18.82,Weekday,179.02
43.31,40.38,5,13.78,19.36,Weekday,238.92
43.8,81.2,7,3.58,19.5,Weekday,210.22
30.64,48.37,1,15.06,1.74,Weekday,140.27
44.32,26.63,7,9.59,18.98,Weekday,226.23
37.72,45.67,2,15.87,19.95,Weekday,215.09
19.85,93.6,5,1.43,18.91,Weekday,137.11
29.31,67.23,1,2.02,13.75,Weekday,118.34
36.55,51.21,7,13.23,14.32,Weekend,237.33
22.42,32.49,7,13.84,3.32,Weekday,181.4
34.22,93.96,7,7.13,17.61,Weekday,208.57
35,81.56,6,11.43,2.13,Weekend,199.55
19.88,41.11,1,13.88,7.04,Weekend,147.01
31.95,25.26,7,0.69,19.83,Weekend,177.68
38.15,24.25,6,9.18,9.02,Weekday,181.82
29.97,29.03,3,13.66,3.49,Weekday,136.7
15.36,63.56,5,6.37,19.42,Weekend,164.78
15.27,89.66,7,4.84,19.7,Weekend,193.12
25.71,57.26,1,12.73,4.55,Weekday,145.36
42.79,83.22,6,5.37,17.43,Weekday,218.54
21.86,53.44,6,0.05,8.42,Weekend,128.48
34.03,73.14,3,15.35,8.25,Weekday,201.6
21.66,74.89,4,9.47,5.99,Weekday,151.7
24.65,33.05,5,13.11,1.85,Weekday,143.39
40.44,47.09,4,13.2,6.09,Weekday,198.88
36.87,67.8,1,1.06,2.02,Weekday,97.04
17.86,25.3,5,2.73,18.56,Weekday,133.42
27.86,47.12,3,4.98,13.57,Weekend,151.46
15.88,60.11,1,5.13,17.85,Weekday,110.97
29.43,94.72,5,10.54,14.63,Weekday,193.11
34.87,55.59,5,9.97,3.49,Weekend,180.82
18.56,81.2,4,7.91,18.87,Weekday,157.98
23.67,52.41,1,3.38,18.1,Weekday,119.81
26.94,79.73,3,6.11,7.61,Weekday,149.68
42.59,64.66,3,8.7,3.12,Weekday,179.06
44.8,86.49,1,7.49,14.38,Weekday,165.66
16.35,50.82,1,2.04,14.84,Weekday,92.73
37.83,65.32,6,10.39,18.04,Weekend,237.3
26.15,67.25,2,1.17,2,Weekend,94.72
26.77,51.3,4,6.05,3.69,Weekday,137.27
37.63,30.82,1,11.36,12.37,Weekday,170.24
42.55,27.02,1,0.32,12.76,Weekday,117.33
43.53,21.25,2,9.12,1.64,Weekday,148.8
32.31,85.52,2,5.35,8.54,Weekday,146.61
25.71,37.74,5,0.14,12.1,Weekend,137.14
38.63,35.86,7,3.05,15.02,Weekday,170.04
22.53,75.2,3,15.06,7.01,Weekday,180.62
31.92,44,4,8.34,10.19,Weekday,168.11
25.76,57.95,5,15.96,16.47,Weekday,202.73
34.7,32.19,1,8.4,19.12,Weekend,163.95
22.21,91.98,2,8.7,5.38,Weekend,146.27
20.75,83.87,6,6.27,5.81,Weekday,142.88
42.55,84.78,3,4.96,18.86,Weekday,182.43
18.05,50.51,5,4.02,8.52,Weekend,129.66
30.18,77.18,6,5.49,14.65,Weekend,183.94
21.63,30.79,3,7.36,12.63,Weekend,140.07
16.17,20.65,7,3.07,6.43,Weekday,125.84
16.08,21.5,7,3.6,13.42,Weekday,139.28
20.26,64,6,4.34,13.46,Weekday,152.73
41,54.15,2,7.19,12.26,Weekday,171.98
23.47,58.85,5,10.45,2.89,Weekend,157.44
43.51,20.56,5,13.7,19.91,Weekday,223.97
32.45,51.7,7,4.59,8.61,Weekday,178.77
28.1,73.86,3,2.94,13.13,Weekday,119.49
32.4,53.2,6,6.06,17.83,Weekend,194.3
30.5,74.92,2,14.31,9.04,Weekday,174.76
37.76,37.48,1,0.16,15.7,Weekday,115.09
23.47,80.99,5,10.85,19.46,Weekday,200.57
25.59,64.13,1,7.63,7.82,Weekday,128.54
41.82,35.81,2,2.58,8.7,Weekday,126.13
43.39,37.75,7,5.14,18.21,Weekday,197.43
41.78,67.1,5,3.6,4.03,Weekend,154.95
27.58,82.25,5,14.05,1.54,Weekday,195.43
38.41,51.17,6,7.71,18.27,Weekday,222.77
29.29,39.37,1,9.01,16.61,Weekend,154.86
29.93,85.03,7,9.5,19.48,Weekend,215
21.14,70.2,6,10.23,2.11,Weekday,156.64
32.73,53.61,4,7.93,3.97,Weekday,133.81
20.58,56.59,1,0.29,3,Weekday,72.44
24.95,35.32,1,5.36,13.98,Weekday,110.41
40.65,67.01,4,2.94,12.51,Weekend,161.36
21.21,46.91,2,10.88,7.83,Weekend,147.27
17.13,94.67,2,0.91,2.09,Weekday,82.69
17.07,56.01,5,9.02,13.15,Weekday,163.99
43.22,56.44,3,3.37,11.83,Weekday,169.59
30.21,62.44,6,15.18,3.15,Weekday,195.63
27.28,88.76,3,5.37,18.27,Weekday,164.05
39.33,80.06,5,5.2,4.78,Weekday,177.2
40.07,53.83,3,14.77,15.13,Weekday,207.74
24.97,73.9,1,6.68,17.82,Weekday,153.59
35.81,63.97,1,15.41,12.01,Weekday,171.21
38.13,56.93,4,0.39,5.69,Weekday,129.14
34.64,34.42,4,4.9,6.88,Weekday,143.36
19.55,54.8,5,10.66,17.83,Weekend,174.17
41.28,38.44,5,14.25,6.67,Weekday,207.59
31.17,88.61,7,4.1,15.18,Weekday,191.92
23.47,45.16,5,14.89,19.81,Weekday,200.53
27.76,91.42,1,9.51,20,Weekday,165.99
16.13,59.98,3,12.82,11.14,Weekday,146.22
18.84,67.37,6,6.36,16.7,Weekday,154.93
37.97,60.72,7,3.39,19.81,Weekday,214.31
15,29.7,7,14.58,8.12,Weekday,173.7
27.5,48.19,7,14.93,5.8,Weekday,189.06
30.68,27.44,5,7.96,3.17,Weekday,145.27
16.64,66.72,5,0.1,3.68,Weekend,105.44
44.19,53.52,1,1.76,17.22,Weekday,142.84
21.78,78.35,6,9.17,12.19,Weekday,175.86
24.13,36.54,1,0.38,17.6,Weekday,113.25
24.12,32.34,6,6.35,16,Weekday,155.55
21.91,50.47,1,4.85,13.8,Weekday,110.14
15.04,89.49,3,11.43,12.58,Weekday,140.99
36.88,73.28,5,0.89,1.92,Weekend,156.18
44.01,51.42,2,7.82,17.57,Weekday,189.75
21.73,58.8,2,9.27,8.94,Weekday,133.72
34.89,26.32,5,9.88,11.64,Weekday,175
37.26,93.84,7,6.48,1.42,Weekday,177.36
40.45,69.98,5,4.87,18.79,Weekday,194.9
27.68,41.41,5,10.92,18.15,Weekend,200.29
24.09,63.94,5,13.56,11.32,Weekday,179.96
24.76,28.21,7,11.1,11.97,Weekend,186.6
36.38,92.44,6,14.91,14.4,Weekday,246.85
39.5,33.11,3,11.48,6.03,Weekend,187.82
20.45,68.6,2,12.23,5.22,Weekend,149.26
26.13,38.41,4,2.69,13.81,Weekend,132.72
42.06,73.82,2,6.71,2.98,Weekend,154.38
39.2,78.26,2,7.76,9.63,Weekday,169.44
44.55,70.51,7,4.1,10.36,Weekday,196.25
37.63,66.09,1,8.46,8.25,Weekday,157.45
26.8,86.94,5,4.65,4.52,Weekday,139.35
32.72,25.9,5,11,7.75,Weekend,191.12
34.83,44.82,5,7.52,7.41,Weekday,165.61
17.35,38.62,1,7.34,10.49,Weekday,101.88
31.33,94.1,7,15.74,13.82,Weekday,246.59
36.28,49.2,3,6.28,19.4,Weekend,172.16
20.02,74.95,3,5.8,3.74,Weekend,123.01
38.42,71.35,7,5.1,17.59,Weekday,219.4
32.51,35.91,4,14.32,6.4,Weekday,170.06
43.57,37.92,3,7.95,12.24,Weekday,186.01
16.27,41.1,7,9.6,11.39,Weekday,155.55
22.96,50.83,3,2.89,11.58,Weekday,125.64
33.05,37.57,5,8.66,14.74,Weekday,174.57
23.9,21.47,6,4.39,8.25,Weekday,144.92
36.43,85.95,7,11.69,7.06,Weekday,210.9
37.77,92.42,2,13.32,17.2,Weekday,206.65
18.08,45.62,3,11.44,5.18,Weekend,130.58
30.42,45.39,3,11.68,4.42,Weekend,140.38
30.27,20.53,1,8.2,1.3,Weekday,99.25
26.08,71.02,4,11.39,5,Weekend,154.05
42.99,81.91,6,6.76,10.85,Weekday,187.92
39.83,31,1,10.42,11.23,Weekday,162.95
35.92,31.97,5,4.14,5.83,Weekday,157.93
36.43,79.26,2,1.12,2.37,Weekend,134.97
28.85,66.22,4,6.62,15.15,Weekday,157.59
42.63,23.36,1,7.39,15.4,Weekday,158
35.84,66.69,7,4.1,19.96,Weekday,212.2
36.87,43.17,3,11.64,18.1,Weekend,190.04
40.85,47.65,3,1.18,18.6,Weekend,172.66
23.22,77.73,4,3.56,16.17,Weekday,158.48
39.21,80.82,3,11.98,12.69,Weekend,190.08
20.86,50.03,7,6.99,3.44,Weekday,128.75
25.36,91.04,1,11.28,12.82,Weekend,161.75
25.07,50.48,1,9.08,2.06,Weekend,126.17
44.36,77.89,3,15.21,17.82,Weekday,222.71
40.7,56.29,3,9.56,10.15,Weekend,168.22
36.04,87.31,5,0.24,14.25,Weekday,164
36.81,88.08,2,5.65,1.99,Weekend,148.54
31.86,26.56,4,2.29,11.15,Weekend,131.71
43.41,90.24,1,14.79,6.72,Weekday,189.79
29.89,81.92,4,1.66,6.41,Weekday,136.99
26.42,79.35,5,6.2,8.4,Weekday,150.8
19.89,35.07,1,3.62,1.01,Weekend,71.47
38.59,80.38,5,13.55,9.87,Weekend,223.46
37.03,83.76,5,4.94,10.24,Weekday,179.66
26.53,41.69,6,15.87,17.4,Weekday,216.16
15.76,91.42,3,0.62,9.52,Weekday,115.39
40.17,23.74,7,2.05,7.91,Weekday,168.06
15.34,31.24,6,3.59,19.9,Weekday,142.14
36.11,60.32,4,12.98,11.85,Weekday,189.25
44.11,63.18,7,14.06,9.98,Weekday,247.49
28.13,68.39,4,1.14,10.42,Weekday,139.44
22.05,21.27,3,0.52,16.37,Weekday,107.64
36.15,92.03,7,11.91,7.47,Weekend,225.93
39.51,23.34,6,2.13,8.39,Weekday,159.81
31.39,30.73,4,2.13,15.36,Weekday,153.92
44.01,21.05,6,0.36,2.39,Weekday,147.49
16.55,62.51,3,0.8,17.44,Weekday,118.05
30.14,89.92,7,4.22,9.17,Weekday,183.84
36.55,69.95,7,1.04,12.04,Weekday,183.17
40.88,81.7,1,5.9,15.39,Weekday,168.68
20.38,21,5,13.32,6.05,Weekend,168.6
39,60.65,5,5.22,17.92,Weekday,185.9
31.58,54.47,6,11.65,19.61,Weekday,225
26.9,57.42,7,1.5,10.39,Weekday,145.92
18.95,25.42,4,10.55,18.8,Weekday,154.51
40.96,71.33,6,5.07,1.02,Weekend,172.15
19.72,57.74,6,12,17.99,Weekend,188.64
24.29,77.39,2,2.18,6.91,Weekday,103.18
23.7,56.4,7,14.37,6.92,Weekday,198.48
41.14,31.2,5,3.88,5.33,Weekend,159.84